2025-08-20 12:59:14,316 - core.multi_provider_proxy_manager - ERROR - Error loading SocksEscort proxies: HTTPSConnectionPool(host='api.socksescort.com', port=443): Max retries exceeded with url: /proxies (Caused by NameResolutionError("<urllib3.connection.HTTPSConnection object at 0x13fb81a90>: Failed to resolve 'api.socksescort.com' ([Errno 8] nodename nor servname provided, or not known)"))
2025-08-20 12:59:14,324 - core.ml_adaptive_engine - INFO - Models loaded successfully
2025-08-20 12:59:14,324 - __main__ - INFO - Ultra-advanced undetectable components initialized
2025-08-20 12:59:14,324 - __main__ - INFO - Multi-Login Bot Orchestrator initialized
2025-08-20 12:59:14,324 - __main__ - INFO - Starting daily visits: 1
2025-08-20 12:59:14,325 - __main__ - WARNING - No available proxies found. Provider: socksescort
2025-08-20 12:59:14,325 - __main__ - WARNING - Not enough available proxies. Need 1, have 0
2025-08-20 12:59:14,325 - __main__ - INFO - Using dynamic entry point target: https://your-target-website.com
2025-08-20 12:59:14,325 - __main__ - INFO - Daily visits completed: 0/0 successful
2025-08-20 12:59:19,330 - __main__ - INFO - Network behavior summary: 0 switches, stability score: 0.00
2025-08-20 12:59:19,330 - __main__ - INFO - Proxy Manager summary: 0 proxies, provider: socksescort, active: 0
2025-08-20 12:59:19,330 - __main__ - INFO - ML Learning summary: 0 sessions, success rate: 0.50
2025-08-20 12:59:19,330 - __main__ - INFO - Social proof summary: 0 interactions, total impact: 0.00
2025-08-20 12:59:19,330 - __main__ - INFO - Content intelligence summary: 0 analyses, avg quality: 0.00
2025-08-20 12:59:19,330 - __main__ - INFO - Behavioral biometrics summary: 5 profiles, session history: 0
2025-08-20 12:59:19,331 - __main__ - INFO - Temporal pattern summary: 5 profiles, session history: 0
2025-08-20 13:24:30,047 - core.multi_provider_proxy_manager - ERROR - Error loading SocksEscort proxies: HTTPSConnectionPool(host='api.socksescort.com', port=443): Max retries exceeded with url: /proxies (Caused by NameResolutionError("<urllib3.connection.HTTPSConnection object at 0x1429ccdc0>: Failed to resolve 'api.socksescort.com' ([Errno 8] nodename nor servname provided, or not known)"))
2025-08-20 13:24:30,053 - core.ml_adaptive_engine - INFO - Models loaded successfully
2025-08-20 13:24:30,054 - __main__ - INFO - Ultra-advanced undetectable components initialized
2025-08-20 13:24:30,054 - __main__ - INFO - Multi-Login Bot Orchestrator initialized
2025-08-20 13:24:30,054 - __main__ - INFO - Starting daily visits: 1
2025-08-20 13:24:30,054 - __main__ - INFO - Running sequential execution
2025-08-20 13:24:30,054 - __main__ - WARNING - No available proxies found. Provider: socksescort
2025-08-20 13:24:30,054 - __main__ - WARNING - Not enough available proxies. Need 1, have 0
2025-08-20 13:24:30,054 - __main__ - INFO - Using dynamic entry point target: https://your-target-website.com
2025-08-20 13:24:30,054 - __main__ - INFO - Sequential daily visits completed: 0/0 successful
2025-08-20 13:24:35,059 - __main__ - INFO - Network behavior summary: 0 switches, stability score: 0.00
2025-08-20 13:24:35,060 - __main__ - INFO - Proxy Manager summary: 0 proxies, provider: socksescort, active: 0
2025-08-20 13:24:35,060 - __main__ - INFO - ML Learning summary: 0 sessions, success rate: 0.50
2025-08-20 13:24:35,060 - __main__ - INFO - Social proof summary: 0 interactions, total impact: 0.00
2025-08-20 13:24:35,060 - __main__ - INFO - Content intelligence summary: 0 analyses, avg quality: 0.00
2025-08-20 13:24:35,060 - __main__ - INFO - Behavioral biometrics summary: 5 profiles, session history: 0
2025-08-20 13:24:35,060 - __main__ - INFO - Temporal pattern summary: 5 profiles, session history: 0
2025-08-20 13:37:46,066 - core.multi_provider_proxy_manager - ERROR - Error loading SocksEscort proxies: HTTPSConnectionPool(host='api.socksescort.com', port=443): Max retries exceeded with url: /proxies (Caused by NameResolutionError("<urllib3.connection.HTTPSConnection object at 0x1594bc1c0>: Failed to resolve 'api.socksescort.com' ([Errno 8] nodename nor servname provided, or not known)"))
2025-08-20 13:37:46,072 - core.ml_adaptive_engine - INFO - Models loaded successfully
2025-08-20 13:37:46,073 - __main__ - INFO - Ultra-advanced undetectable components initialized
2025-08-20 13:37:46,073 - __main__ - INFO - Multi-Login Bot Orchestrator initialized
2025-08-20 13:37:46,073 - __main__ - INFO - Starting daily visits: 1
2025-08-20 13:37:46,073 - __main__ - INFO - Running sequential execution
2025-08-20 13:37:46,073 - __main__ - WARNING - No available proxies found. Provider: socksescort
2025-08-20 13:37:46,073 - __main__ - WARNING - Not enough available proxies. Need 1, have 0
2025-08-20 13:37:46,073 - __main__ - INFO - Using dynamic entry point target: https://your-target-website.com
2025-08-20 13:37:46,073 - __main__ - INFO - Sequential daily visits completed: 0/0 successful
2025-08-20 13:37:51,079 - __main__ - INFO - Network behavior summary: 0 switches, stability score: 0.00
2025-08-20 13:37:51,079 - __main__ - INFO - Proxy Manager summary: 0 proxies, provider: socksescort, active: 0
2025-08-20 13:37:51,079 - __main__ - INFO - ML Learning summary: 0 sessions, success rate: 0.50
2025-08-20 13:37:51,079 - __main__ - INFO - Social proof summary: 0 interactions, total impact: 0.00
2025-08-20 13:37:51,079 - __main__ - INFO - Content intelligence summary: 0 analyses, avg quality: 0.00
2025-08-20 13:37:51,079 - __main__ - INFO - Behavioral biometrics summary: 5 profiles, session history: 0
2025-08-20 13:37:51,079 - __main__ - INFO - Temporal pattern summary: 5 profiles, session history: 0
2025-08-20 13:49:51,170 - core.multi_provider_proxy_manager - ERROR - Error loading SocksEscort proxies: HTTPSConnectionPool(host='api.socksescort.com', port=443): Max retries exceeded with url: /proxies (Caused by NameResolutionError("<urllib3.connection.HTTPSConnection object at 0x127610a30>: Failed to resolve 'api.socksescort.com' ([Errno 8] nodename nor servname provided, or not known)"))
2025-08-20 13:49:51,176 - core.ml_adaptive_engine - INFO - Models loaded successfully
2025-08-20 13:49:51,177 - __main__ - INFO - Ultra-advanced undetectable components initialized
2025-08-20 13:49:51,177 - __main__ - INFO - Multi-Login Bot Orchestrator initialized
2025-08-20 13:49:51,177 - __main__ - INFO - Starting daily visits: 1
2025-08-20 13:49:51,177 - __main__ - INFO - Running sequential execution
2025-08-20 13:49:51,177 - __main__ - WARNING - No available proxies found. Provider: socksescort
2025-08-20 13:49:51,177 - __main__ - WARNING - Not enough available proxies. Need 1, have 0
2025-08-20 13:49:51,177 - __main__ - INFO - Using dynamic entry point target: https://your-target-website.com
2025-08-20 13:49:51,177 - __main__ - INFO - Sequential daily visits completed: 0/0 successful
2025-08-20 13:49:56,179 - __main__ - INFO - Network behavior summary: 0 switches, stability score: 0.00
2025-08-20 13:49:56,179 - __main__ - INFO - Proxy Manager summary: 0 proxies, provider: socksescort, active: 0
2025-08-20 13:49:56,179 - __main__ - INFO - ML Learning summary: 0 sessions, success rate: 0.50
2025-08-20 13:49:56,179 - __main__ - INFO - Social proof summary: 0 interactions, total impact: 0.00
2025-08-20 13:49:56,179 - __main__ - INFO - Content intelligence summary: 0 analyses, avg quality: 0.00
2025-08-20 13:49:56,179 - __main__ - INFO - Behavioral biometrics summary: 5 profiles, session history: 0
2025-08-20 13:49:56,179 - __main__ - INFO - Temporal pattern summary: 5 profiles, session history: 0
2025-08-20 14:13:50,446 - core.multi_provider_proxy_manager - ERROR - Error loading SocksEscort proxies: HTTPSConnectionPool(host='api.socksescort.com', port=443): Max retries exceeded with url: /proxies (Caused by NameResolutionError("<urllib3.connection.HTTPSConnection object at 0x15980a520>: Failed to resolve 'api.socksescort.com' ([Errno 8] nodename nor servname provided, or not known)"))
2025-08-20 14:13:50,453 - core.ml_adaptive_engine - INFO - Models loaded successfully
2025-08-20 14:13:50,453 - __main__ - INFO - Ultra-advanced undetectable components initialized
2025-08-20 14:13:50,453 - __main__ - INFO - Multi-Login Bot Orchestrator initialized
2025-08-20 14:13:50,453 - __main__ - INFO - Starting daily visits: 1
2025-08-20 14:13:50,453 - __main__ - INFO - Running sequential execution
2025-08-20 14:13:50,453 - __main__ - WARNING - No available proxies found. Provider: socksescort
2025-08-20 14:13:50,454 - __main__ - WARNING - Not enough available proxies. Need 1, have 0
2025-08-20 14:13:50,454 - __main__ - INFO - Using dynamic entry point target: https://your-target-website.com
2025-08-20 14:13:50,454 - __main__ - INFO - Sequential daily visits completed: 0/0 successful
2025-08-20 14:13:55,456 - __main__ - INFO - Network behavior summary: 0 switches, stability score: 0.00
2025-08-20 14:13:55,457 - __main__ - INFO - Proxy Manager summary: 0 proxies, provider: socksescort, active: 0
2025-08-20 14:13:55,457 - __main__ - INFO - ML Learning summary: 0 sessions, success rate: 0.50
2025-08-20 14:13:55,457 - __main__ - INFO - Social proof summary: 0 interactions, total impact: 0.00
2025-08-20 14:13:55,457 - __main__ - INFO - Content intelligence summary: 0 analyses, avg quality: 0.00
2025-08-20 14:13:55,457 - __main__ - INFO - Behavioral biometrics summary: 5 profiles, session history: 0
2025-08-20 14:13:55,457 - __main__ - INFO - Temporal pattern summary: 5 profiles, session history: 0
2025-08-20 14:19:10,332 - core.multi_provider_proxy_manager - ERROR - Error loading SocksEscort proxies: HTTPSConnectionPool(host='api.socksescort.com', port=443): Max retries exceeded with url: /proxies (Caused by NameResolutionError("<urllib3.connection.HTTPSConnection object at 0x12fc08520>: Failed to resolve 'api.socksescort.com' ([Errno 8] nodename nor servname provided, or not known)"))
2025-08-20 14:19:10,338 - core.ml_adaptive_engine - INFO - Models loaded successfully
2025-08-20 14:19:10,339 - __main__ - INFO - Ultra-advanced undetectable components initialized
2025-08-20 14:19:10,339 - __main__ - INFO - Multi-Login Bot Orchestrator initialized
2025-08-20 14:19:10,339 - __main__ - INFO - Starting daily visits: 1
2025-08-20 14:19:10,339 - __main__ - INFO - Running sequential execution
2025-08-20 14:19:10,339 - __main__ - WARNING - No available proxies found. Provider: socksescort
2025-08-20 14:19:10,339 - __main__ - WARNING - Not enough available proxies. Need 1, have 0
2025-08-20 14:19:10,339 - __main__ - INFO - Using dynamic entry point target: https://your-target-website.com
2025-08-20 14:19:10,339 - __main__ - INFO - Sequential daily visits completed: 0/0 successful
2025-08-20 14:19:15,345 - __main__ - INFO - Network behavior summary: 0 switches, stability score: 0.00
2025-08-20 14:19:15,345 - __main__ - INFO - Proxy Manager summary: 0 proxies, provider: socksescort, active: 0
2025-08-20 14:19:15,345 - __main__ - INFO - ML Learning summary: 0 sessions, success rate: 0.50
2025-08-20 14:19:15,345 - __main__ - INFO - Social proof summary: 0 interactions, total impact: 0.00
2025-08-20 14:19:15,345 - __main__ - INFO - Content intelligence summary: 0 analyses, avg quality: 0.00
2025-08-20 14:19:15,345 - __main__ - INFO - Behavioral biometrics summary: 5 profiles, session history: 0
2025-08-20 14:19:15,345 - __main__ - INFO - Temporal pattern summary: 5 profiles, session history: 0
2025-08-20 16:37:17,396 - core.multi_provider_proxy_manager - ERROR - Error loading SocksEscort proxies: HTTPSConnectionPool(host='api.socksescort.com', port=443): Max retries exceeded with url: /proxies (Caused by NameResolutionError("<urllib3.connection.HTTPSConnection object at 0x13f5ae130>: Failed to resolve 'api.socksescort.com' ([Errno 8] nodename nor servname provided, or not known)"))
2025-08-20 16:37:17,404 - core.ml_adaptive_engine - INFO - Models loaded successfully
2025-08-20 16:37:17,405 - __main__ - INFO - Ultra-advanced undetectable components initialized
2025-08-20 16:37:17,405 - __main__ - INFO - Multi-Login Bot Orchestrator initialized
2025-08-20 16:37:17,405 - __main__ - INFO - Starting daily visits: 1
2025-08-20 16:37:17,405 - __main__ - INFO - Running sequential execution
2025-08-20 16:37:17,405 - core.multi_provider_proxy_manager - WARNING - Attempting provider fallback (attempt 1/3)
2025-08-20 16:37:17,406 - core.multi_provider_proxy_manager - INFO - Switching from socksescort to oxylabs
2025-08-20 16:37:17,412 - core.multi_provider_proxy_manager - ERROR - Error loading Oxylabs proxies: HTTPSConnectionPool(host='api.socksescort.com', port=443): Max retries exceeded with url: /proxies (Caused by NameResolutionError("<urllib3.connection.HTTPSConnection object at 0x13f5d78b0>: Failed to resolve 'api.socksescort.com' ([Errno 8] nodename nor servname provided, or not known)"))
2025-08-20 16:37:17,412 - core.multi_provider_proxy_manager - WARNING - Failed to get proxies from oxylabs
2025-08-20 16:37:17,412 - core.multi_provider_proxy_manager - INFO - Switching from oxylabs to brightdata
2025-08-20 16:37:17,415 - core.multi_provider_proxy_manager - ERROR - Error loading Bright Data proxies: HTTPSConnectionPool(host='api.socksescort.com', port=443): Max retries exceeded with url: /proxies (Caused by NameResolutionError("<urllib3.connection.HTTPSConnection object at 0x13f573880>: Failed to resolve 'api.socksescort.com' ([Errno 8] nodename nor servname provided, or not known)"))
2025-08-20 16:37:17,415 - core.multi_provider_proxy_manager - WARNING - Failed to get proxies from brightdata
2025-08-20 16:37:17,415 - core.multi_provider_proxy_manager - INFO - Switching from brightdata to oxylabs
2025-08-20 16:37:17,418 - core.multi_provider_proxy_manager - ERROR - Error loading Oxylabs proxies: HTTPSConnectionPool(host='api.socksescort.com', port=443): Max retries exceeded with url: /proxies (Caused by NameResolutionError("<urllib3.connection.HTTPSConnection object at 0x13f573460>: Failed to resolve 'api.socksescort.com' ([Errno 8] nodename nor servname provided, or not known)"))
2025-08-20 16:37:17,418 - core.multi_provider_proxy_manager - WARNING - Failed to get proxies from oxylabs
2025-08-20 16:37:17,418 - core.multi_provider_proxy_manager - INFO - Waiting 60 seconds before next fallback attempt...
2025-08-20 16:38:17,418 - core.multi_provider_proxy_manager - WARNING - Attempting provider fallback (attempt 2/3)
2025-08-20 16:38:17,421 - core.multi_provider_proxy_manager - INFO - Switching from oxylabs to oxylabs
2025-08-20 16:38:17,427 - core.multi_provider_proxy_manager - ERROR - Error loading Oxylabs proxies: HTTPSConnectionPool(host='api.socksescort.com', port=443): Max retries exceeded with url: /proxies (Caused by NameResolutionError("<urllib3.connection.HTTPSConnection object at 0x13f6373a0>: Failed to resolve 'api.socksescort.com' ([Errno 8] nodename nor servname provided, or not known)"))
2025-08-20 16:38:17,428 - core.multi_provider_proxy_manager - WARNING - Failed to get proxies from oxylabs
2025-08-20 16:38:17,428 - core.multi_provider_proxy_manager - INFO - Switching from oxylabs to brightdata
2025-08-20 16:38:17,430 - core.multi_provider_proxy_manager - ERROR - Error loading Bright Data proxies: HTTPSConnectionPool(host='api.socksescort.com', port=443): Max retries exceeded with url: /proxies (Caused by NameResolutionError("<urllib3.connection.HTTPSConnection object at 0x13f637d60>: Failed to resolve 'api.socksescort.com' ([Errno 8] nodename nor servname provided, or not known)"))
2025-08-20 16:38:17,430 - core.multi_provider_proxy_manager - WARNING - Failed to get proxies from brightdata
2025-08-20 16:38:17,430 - core.multi_provider_proxy_manager - INFO - Switching from brightdata to oxylabs
2025-08-20 16:38:17,432 - core.multi_provider_proxy_manager - ERROR - Error loading Oxylabs proxies: HTTPSConnectionPool(host='api.socksescort.com', port=443): Max retries exceeded with url: /proxies (Caused by NameResolutionError("<urllib3.connection.HTTPSConnection object at 0x13f637be0>: Failed to resolve 'api.socksescort.com' ([Errno 8] nodename nor servname provided, or not known)"))
2025-08-20 16:38:17,432 - core.multi_provider_proxy_manager - WARNING - Failed to get proxies from oxylabs
2025-08-20 16:38:17,433 - core.multi_provider_proxy_manager - INFO - Waiting 60 seconds before next fallback attempt...
2025-08-20 16:39:17,439 - core.multi_provider_proxy_manager - WARNING - Attempting provider fallback (attempt 3/3)
2025-08-20 16:39:17,441 - core.multi_provider_proxy_manager - INFO - Switching from oxylabs to oxylabs
2025-08-20 16:39:17,447 - core.multi_provider_proxy_manager - ERROR - Error loading Oxylabs proxies: HTTPSConnectionPool(host='api.socksescort.com', port=443): Max retries exceeded with url: /proxies (Caused by NameResolutionError("<urllib3.connection.HTTPSConnection object at 0x13f637070>: Failed to resolve 'api.socksescort.com' ([Errno 8] nodename nor servname provided, or not known)"))
2025-08-20 16:39:17,447 - core.multi_provider_proxy_manager - WARNING - Failed to get proxies from oxylabs
2025-08-20 16:39:17,447 - core.multi_provider_proxy_manager - INFO - Switching from oxylabs to brightdata
2025-08-20 16:39:17,449 - core.multi_provider_proxy_manager - ERROR - Error loading Bright Data proxies: HTTPSConnectionPool(host='api.socksescort.com', port=443): Max retries exceeded with url: /proxies (Caused by NameResolutionError("<urllib3.connection.HTTPSConnection object at 0x13f573640>: Failed to resolve 'api.socksescort.com' ([Errno 8] nodename nor servname provided, or not known)"))
2025-08-20 16:39:17,449 - core.multi_provider_proxy_manager - WARNING - Failed to get proxies from brightdata
2025-08-20 16:39:17,449 - core.multi_provider_proxy_manager - INFO - Switching from brightdata to oxylabs
2025-08-20 16:39:17,451 - core.multi_provider_proxy_manager - ERROR - Error loading Oxylabs proxies: HTTPSConnectionPool(host='api.socksescort.com', port=443): Max retries exceeded with url: /proxies (Caused by NameResolutionError("<urllib3.connection.HTTPSConnection object at 0x13f5d7070>: Failed to resolve 'api.socksescort.com' ([Errno 8] nodename nor servname provided, or not known)"))
2025-08-20 16:39:17,452 - core.multi_provider_proxy_manager - WARNING - Failed to get proxies from oxylabs
2025-08-20 16:39:17,452 - __main__ - WARNING - No available proxies found. Provider: oxylabs
2025-08-20 16:39:17,452 - __main__ - WARNING - Not enough available proxies. Need 1, have 0
2025-08-20 16:39:17,452 - __main__ - INFO - Using dynamic entry point target: https://your-target-website.com
2025-08-20 16:39:17,452 - __main__ - INFO - Sequential daily visits completed: 0/0 successful
2025-08-20 16:39:22,456 - __main__ - INFO - Network behavior summary: 0 switches, stability score: 0.00
2025-08-20 16:39:22,456 - __main__ - INFO - Proxy Manager summary: 0 proxies, provider: oxylabs, active: 0
2025-08-20 16:39:22,456 - __main__ - INFO - ML Learning summary: 0 sessions, success rate: 0.50
2025-08-20 16:39:22,456 - __main__ - INFO - Social proof summary: 0 interactions, total impact: 0.00
2025-08-20 16:39:22,457 - __main__ - INFO - Content intelligence summary: 0 analyses, avg quality: 0.00
2025-08-20 16:39:22,457 - __main__ - INFO - Behavioral biometrics summary: 5 profiles, session history: 0
2025-08-20 16:39:22,457 - __main__ - INFO - Temporal pattern summary: 5 profiles, session history: 0
2025-08-20 16:51:26,069 - core.multi_provider_proxy_manager - INFO - Multi-provider mode enabled with 3 providers
2025-08-20 16:51:26,069 - core.multi_provider_proxy_manager - INFO - Starting with provider: socksescort (priority 3)
2025-08-20 16:51:26,076 - core.ml_adaptive_engine - INFO - Models loaded successfully
2025-08-20 16:51:26,076 - __main__ - INFO - Ultra-advanced undetectable components initialized
2025-08-20 16:51:26,076 - __main__ - INFO - Multi-Login Bot Orchestrator initialized
2025-08-20 16:51:26,076 - __main__ - INFO - Starting daily visits: 1
2025-08-20 16:51:26,076 - __main__ - INFO - Running sequential execution
2025-08-20 16:51:26,076 - core.multi_provider_proxy_manager - ERROR - Error getting proxies from socksescort: 'MultiProviderProxyManager' object has no attribute 'proxy_pool'
2025-08-20 16:51:26,076 - core.multi_provider_proxy_manager - WARNING - Attempting provider fallback (attempt 1/3)
2025-08-20 16:51:26,076 - core.multi_provider_proxy_manager - INFO - Switching from socksescort to socksescort
2025-08-20 16:51:26,083 - core.multi_provider_proxy_manager - ERROR - Error loading SocksEscort proxies: HTTPSConnectionPool(host='api.socksescort.com', port=443): Max retries exceeded with url: /proxies (Caused by NameResolutionError("<urllib3.connection.HTTPSConnection object at 0x13068d610>: Failed to resolve 'api.socksescort.com' ([Errno 8] nodename nor servname provided, or not known)"))
2025-08-20 16:51:26,083 - core.multi_provider_proxy_manager - WARNING - Failed to get proxies from socksescort
2025-08-20 16:51:26,083 - core.multi_provider_proxy_manager - INFO - Switching from socksescort to oxylabs
2025-08-20 16:51:26,085 - core.multi_provider_proxy_manager - ERROR - Error loading Oxylabs proxies: HTTPSConnectionPool(host='api.socksescort.com', port=443): Max retries exceeded with url: /proxies (Caused by NameResolutionError("<urllib3.connection.HTTPSConnection object at 0x130684d00>: Failed to resolve 'api.socksescort.com' ([Errno 8] nodename nor servname provided, or not known)"))
2025-08-20 16:51:26,085 - core.multi_provider_proxy_manager - WARNING - Failed to get proxies from oxylabs
2025-08-20 16:51:26,085 - core.multi_provider_proxy_manager - INFO - Switching from oxylabs to socksescort
2025-08-20 16:51:26,088 - core.multi_provider_proxy_manager - ERROR - Error loading SocksEscort proxies: HTTPSConnectionPool(host='api.socksescort.com', port=443): Max retries exceeded with url: /proxies (Caused by NameResolutionError("<urllib3.connection.HTTPSConnection object at 0x13068d790>: Failed to resolve 'api.socksescort.com' ([Errno 8] nodename nor servname provided, or not known)"))
2025-08-20 16:51:26,088 - core.multi_provider_proxy_manager - WARNING - Failed to get proxies from socksescort
2025-08-20 16:51:26,088 - core.multi_provider_proxy_manager - INFO - Waiting 60 seconds before next fallback attempt...
2025-08-20 16:52:26,093 - core.multi_provider_proxy_manager - WARNING - Attempting provider fallback (attempt 2/3)
2025-08-20 16:52:26,095 - core.multi_provider_proxy_manager - INFO - Switching from socksescort to socksescort
2025-08-20 16:52:26,103 - core.multi_provider_proxy_manager - ERROR - Error loading SocksEscort proxies: HTTPSConnectionPool(host='api.socksescort.com', port=443): Max retries exceeded with url: /proxies (Caused by NameResolutionError("<urllib3.connection.HTTPSConnection object at 0x1306b54c0>: Failed to resolve 'api.socksescort.com' ([Errno 8] nodename nor servname provided, or not known)"))
2025-08-20 16:52:26,103 - core.multi_provider_proxy_manager - WARNING - Failed to get proxies from socksescort
2025-08-20 16:52:26,103 - core.multi_provider_proxy_manager - INFO - Switching from socksescort to oxylabs
2025-08-20 16:52:26,106 - core.multi_provider_proxy_manager - ERROR - Error loading Oxylabs proxies: HTTPSConnectionPool(host='api.socksescort.com', port=443): Max retries exceeded with url: /proxies (Caused by NameResolutionError("<urllib3.connection.HTTPSConnection object at 0x13064ec10>: Failed to resolve 'api.socksescort.com' ([Errno 8] nodename nor servname provided, or not known)"))
2025-08-20 16:52:26,106 - core.multi_provider_proxy_manager - WARNING - Failed to get proxies from oxylabs
2025-08-20 16:52:26,106 - core.multi_provider_proxy_manager - INFO - Switching from oxylabs to socksescort
2025-08-20 16:52:26,108 - core.multi_provider_proxy_manager - ERROR - Error loading SocksEscort proxies: HTTPSConnectionPool(host='api.socksescort.com', port=443): Max retries exceeded with url: /proxies (Caused by NameResolutionError("<urllib3.connection.HTTPSConnection object at 0x13064e370>: Failed to resolve 'api.socksescort.com' ([Errno 8] nodename nor servname provided, or not known)"))
2025-08-20 16:52:26,108 - core.multi_provider_proxy_manager - WARNING - Failed to get proxies from socksescort
2025-08-20 16:52:26,108 - core.multi_provider_proxy_manager - INFO - Waiting 60 seconds before next fallback attempt...
2025-08-20 16:53:26,111 - core.multi_provider_proxy_manager - WARNING - Attempting provider fallback (attempt 3/3)
2025-08-20 16:53:26,112 - core.multi_provider_proxy_manager - INFO - Switching from socksescort to socksescort
2025-08-20 16:53:26,120 - core.multi_provider_proxy_manager - ERROR - Error loading SocksEscort proxies: HTTPSConnectionPool(host='api.socksescort.com', port=443): Max retries exceeded with url: /proxies (Caused by NameResolutionError("<urllib3.connection.HTTPSConnection object at 0x13064e460>: Failed to resolve 'api.socksescort.com' ([Errno 8] nodename nor servname provided, or not known)"))
2025-08-20 16:53:26,120 - core.multi_provider_proxy_manager - WARNING - Failed to get proxies from socksescort
2025-08-20 16:53:26,120 - core.multi_provider_proxy_manager - INFO - Switching from socksescort to oxylabs
2025-08-20 16:53:26,124 - core.multi_provider_proxy_manager - ERROR - Error loading Oxylabs proxies: HTTPSConnectionPool(host='api.socksescort.com', port=443): Max retries exceeded with url: /proxies (Caused by NameResolutionError("<urllib3.connection.HTTPSConnection object at 0x13064e9a0>: Failed to resolve 'api.socksescort.com' ([Errno 8] nodename nor servname provided, or not known)"))
2025-08-20 16:53:26,124 - core.multi_provider_proxy_manager - WARNING - Failed to get proxies from oxylabs
2025-08-20 16:53:26,124 - core.multi_provider_proxy_manager - INFO - Switching from oxylabs to socksescort
2025-08-20 16:53:26,126 - core.multi_provider_proxy_manager - ERROR - Error loading SocksEscort proxies: HTTPSConnectionPool(host='api.socksescort.com', port=443): Max retries exceeded with url: /proxies (Caused by NameResolutionError("<urllib3.connection.HTTPSConnection object at 0x1306b5850>: Failed to resolve 'api.socksescort.com' ([Errno 8] nodename nor servname provided, or not known)"))
2025-08-20 16:53:26,126 - core.multi_provider_proxy_manager - WARNING - Failed to get proxies from socksescort
2025-08-20 16:53:26,126 - __main__ - WARNING - No available proxies found. Provider: socksescort
2025-08-20 16:53:26,126 - __main__ - WARNING - Not enough available proxies. Need 1, have 0
2025-08-20 16:53:26,126 - __main__ - INFO - Using dynamic entry point target: https://your-target-website.com
2025-08-20 16:53:26,126 - __main__ - INFO - Sequential daily visits completed: 0/0 successful
2025-08-20 16:53:31,132 - __main__ - INFO - Network behavior summary: 0 switches, stability score: 0.00
2025-08-20 16:54:27,151 - core.multi_provider_proxy_manager - INFO - Multi-provider mode enabled with 3 providers
2025-08-20 16:54:27,152 - core.multi_provider_proxy_manager - INFO - Starting with provider: socksescort (priority 3)
2025-08-20 16:54:27,159 - core.multi_provider_proxy_manager - ERROR - Error loading SocksEscort proxies: HTTPSConnectionPool(host='api.socksescort.com', port=443): Max retries exceeded with url: /proxies (Caused by NameResolutionError("<urllib3.connection.HTTPSConnection object at 0x1195ca970>: Failed to resolve 'api.socksescort.com' ([Errno 8] nodename nor servname provided, or not known)"))
2025-08-20 16:54:27,165 - core.ml_adaptive_engine - INFO - Models loaded successfully
2025-08-20 16:54:27,166 - __main__ - INFO - Ultra-advanced undetectable components initialized
2025-08-20 16:54:27,166 - __main__ - INFO - Multi-Login Bot Orchestrator initialized
2025-08-20 16:54:27,166 - __main__ - INFO - Starting daily visits: 1
2025-08-20 16:54:27,166 - __main__ - INFO - Running sequential execution
2025-08-20 16:54:27,166 - core.multi_provider_proxy_manager - WARNING - Attempting provider fallback (attempt 1/3)
2025-08-20 16:54:27,166 - core.multi_provider_proxy_manager - INFO - Switching from socksescort to socksescort
2025-08-20 16:54:27,169 - core.multi_provider_proxy_manager - ERROR - Error loading SocksEscort proxies: HTTPSConnectionPool(host='api.socksescort.com', port=443): Max retries exceeded with url: /proxies (Caused by NameResolutionError("<urllib3.connection.HTTPSConnection object at 0x1195cd280>: Failed to resolve 'api.socksescort.com' ([Errno 8] nodename nor servname provided, or not known)"))
2025-08-20 16:54:27,169 - core.multi_provider_proxy_manager - WARNING - Failed to get proxies from socksescort
2025-08-20 16:54:27,169 - core.multi_provider_proxy_manager - INFO - Switching from socksescort to oxylabs
2025-08-20 16:54:27,171 - core.multi_provider_proxy_manager - ERROR - Error loading Oxylabs proxies: HTTPSConnectionPool(host='api.socksescort.com', port=443): Max retries exceeded with url: /proxies (Caused by NameResolutionError("<urllib3.connection.HTTPSConnection object at 0x1195f6850>: Failed to resolve 'api.socksescort.com' ([Errno 8] nodename nor servname provided, or not known)"))
2025-08-20 16:54:27,171 - core.multi_provider_proxy_manager - WARNING - Failed to get proxies from oxylabs
2025-08-20 16:54:27,171 - core.multi_provider_proxy_manager - INFO - Switching from oxylabs to socksescort
2025-08-20 16:54:27,175 - core.multi_provider_proxy_manager - ERROR - Error loading SocksEscort proxies: HTTPSConnectionPool(host='api.socksescort.com', port=443): Max retries exceeded with url: /proxies (Caused by NameResolutionError("<urllib3.connection.HTTPSConnection object at 0x1195f68e0>: Failed to resolve 'api.socksescort.com' ([Errno 8] nodename nor servname provided, or not known)"))
2025-08-20 16:54:27,175 - core.multi_provider_proxy_manager - WARNING - Failed to get proxies from socksescort
2025-08-20 16:54:27,175 - core.multi_provider_proxy_manager - INFO - Waiting 60 seconds before next fallback attempt...
2025-08-20 16:55:27,177 - core.multi_provider_proxy_manager - WARNING - Attempting provider fallback (attempt 2/3)
2025-08-20 16:55:27,179 - core.multi_provider_proxy_manager - INFO - Switching from socksescort to socksescort
2025-08-20 16:55:27,185 - core.multi_provider_proxy_manager - ERROR - Error loading SocksEscort proxies: HTTPSConnectionPool(host='api.socksescort.com', port=443): Max retries exceeded with url: /proxies (Caused by NameResolutionError("<urllib3.connection.HTTPSConnection object at 0x11958f7c0>: Failed to resolve 'api.socksescort.com' ([Errno 8] nodename nor servname provided, or not known)"))
2025-08-20 16:55:27,185 - core.multi_provider_proxy_manager - WARNING - Failed to get proxies from socksescort
2025-08-20 16:55:27,185 - core.multi_provider_proxy_manager - INFO - Switching from socksescort to oxylabs
2025-08-20 16:55:27,188 - core.multi_provider_proxy_manager - ERROR - Error loading Oxylabs proxies: HTTPSConnectionPool(host='api.socksescort.com', port=443): Max retries exceeded with url: /proxies (Caused by NameResolutionError("<urllib3.connection.HTTPSConnection object at 0x11958f160>: Failed to resolve 'api.socksescort.com' ([Errno 8] nodename nor servname provided, or not known)"))
2025-08-20 16:55:27,188 - core.multi_provider_proxy_manager - WARNING - Failed to get proxies from oxylabs
2025-08-20 16:55:27,188 - core.multi_provider_proxy_manager - INFO - Switching from oxylabs to socksescort
2025-08-20 16:55:27,190 - core.multi_provider_proxy_manager - ERROR - Error loading SocksEscort proxies: HTTPSConnectionPool(host='api.socksescort.com', port=443): Max retries exceeded with url: /proxies (Caused by NameResolutionError("<urllib3.connection.HTTPSConnection object at 0x11958f430>: Failed to resolve 'api.socksescort.com' ([Errno 8] nodename nor servname provided, or not known)"))
2025-08-20 16:55:27,190 - core.multi_provider_proxy_manager - WARNING - Failed to get proxies from socksescort
2025-08-20 16:55:27,190 - core.multi_provider_proxy_manager - INFO - Waiting 60 seconds before next fallback attempt...
2025-08-20 16:56:27,193 - core.multi_provider_proxy_manager - WARNING - Attempting provider fallback (attempt 3/3)
2025-08-20 16:56:27,197 - core.multi_provider_proxy_manager - INFO - Switching from socksescort to socksescort
2025-08-20 16:56:27,204 - core.multi_provider_proxy_manager - ERROR - Error loading SocksEscort proxies: HTTPSConnectionPool(host='api.socksescort.com', port=443): Max retries exceeded with url: /proxies (Caused by NameResolutionError("<urllib3.connection.HTTPSConnection object at 0x11958f880>: Failed to resolve 'api.socksescort.com' ([Errno 8] nodename nor servname provided, or not known)"))
2025-08-20 16:56:27,204 - core.multi_provider_proxy_manager - WARNING - Failed to get proxies from socksescort
2025-08-20 16:56:27,204 - core.multi_provider_proxy_manager - INFO - Switching from socksescort to oxylabs
2025-08-20 16:56:27,209 - core.multi_provider_proxy_manager - ERROR - Error loading Oxylabs proxies: HTTPSConnectionPool(host='api.socksescort.com', port=443): Max retries exceeded with url: /proxies (Caused by NameResolutionError("<urllib3.connection.HTTPSConnection object at 0x1195f6b20>: Failed to resolve 'api.socksescort.com' ([Errno 8] nodename nor servname provided, or not known)"))
2025-08-20 16:56:27,209 - core.multi_provider_proxy_manager - WARNING - Failed to get proxies from oxylabs
2025-08-20 16:56:27,209 - core.multi_provider_proxy_manager - INFO - Switching from oxylabs to socksescort
2025-08-20 16:56:27,212 - core.multi_provider_proxy_manager - ERROR - Error loading SocksEscort proxies: HTTPSConnectionPool(host='api.socksescort.com', port=443): Max retries exceeded with url: /proxies (Caused by NameResolutionError("<urllib3.connection.HTTPSConnection object at 0x1195cd880>: Failed to resolve 'api.socksescort.com' ([Errno 8] nodename nor servname provided, or not known)"))
2025-08-20 16:56:27,212 - core.multi_provider_proxy_manager - WARNING - Failed to get proxies from socksescort
2025-08-20 16:56:27,213 - __main__ - WARNING - No available proxies found. Provider: socksescort
2025-08-20 16:56:27,213 - __main__ - WARNING - Not enough available proxies. Need 1, have 0
2025-08-20 16:56:27,213 - __main__ - INFO - Using dynamic entry point target: https://your-target-website.com
2025-08-20 16:56:27,213 - __main__ - INFO - Sequential daily visits completed: 0/0 successful
2025-08-20 16:56:32,219 - __main__ - INFO - Network behavior summary: 0 switches, stability score: 0.00
2025-08-20 16:56:32,219 - __main__ - INFO - Proxy Manager summary: 0 proxies, provider: socksescort, active: 0
2025-08-20 16:56:32,219 - __main__ - INFO - ML Learning summary: 0 sessions, success rate: 0.50
2025-08-20 16:56:32,219 - __main__ - INFO - Social proof summary: 0 interactions, total impact: 0.00
2025-08-20 16:56:32,219 - __main__ - INFO - Content intelligence summary: 0 analyses, avg quality: 0.00
2025-08-20 16:56:32,219 - __main__ - INFO - Behavioral biometrics summary: 5 profiles, session history: 0
2025-08-20 16:56:32,219 - __main__ - INFO - Temporal pattern summary: 5 profiles, session history: 0
2025-08-20 17:01:43,817 - core.multi_provider_proxy_manager - INFO - Unified multi-provider mode enabled with 3 providers
2025-08-20 17:01:43,817 - core.multi_provider_proxy_manager - INFO - Primary provider: socksescort (priority 1)
2025-08-20 17:01:43,826 - core.multi_provider_proxy_manager - ERROR - Error loading SocksEscort proxies: HTTPSConnectionPool(host='api.socksescort.com', port=443): Max retries exceeded with url: /proxies (Caused by NameResolutionError("<urllib3.connection.HTTPSConnection object at 0x12f8cb5e0>: Failed to resolve 'api.socksescort.com' ([Errno 8] nodename nor servname provided, or not known)"))
2025-08-20 17:01:43,832 - core.ml_adaptive_engine - INFO - Models loaded successfully
2025-08-20 17:01:43,833 - __main__ - INFO - Ultra-advanced undetectable components initialized
2025-08-20 17:01:43,833 - __main__ - INFO - Multi-Login Bot Orchestrator initialized
2025-08-20 17:01:43,833 - __main__ - INFO - Starting daily visits: 1
2025-08-20 17:01:43,833 - __main__ - INFO - Running sequential execution
2025-08-20 17:01:43,833 - core.multi_provider_proxy_manager - WARNING - Attempting provider fallback (attempt 1/3)
2025-08-20 17:01:43,833 - core.multi_provider_proxy_manager - INFO - Switching from socksescort to socksescort
2025-08-20 17:01:43,836 - core.multi_provider_proxy_manager - ERROR - Error loading SocksEscort proxies: HTTPSConnectionPool(host='api.socksescort.com', port=443): Max retries exceeded with url: /proxies (Caused by NameResolutionError("<urllib3.connection.HTTPSConnection object at 0x12f8f5820>: Failed to resolve 'api.socksescort.com' ([Errno 8] nodename nor servname provided, or not known)"))
2025-08-20 17:01:43,836 - core.multi_provider_proxy_manager - WARNING - Failed to get proxies from socksescort
2025-08-20 17:01:43,836 - core.multi_provider_proxy_manager - INFO - Switching from socksescort to oxylabs
2025-08-20 17:01:43,838 - core.multi_provider_proxy_manager - ERROR - Error loading Oxylabs proxies: HTTPSConnectionPool(host='api.socksescort.com', port=443): Max retries exceeded with url: /proxies (Caused by NameResolutionError("<urllib3.connection.HTTPSConnection object at 0x12f88e940>: Failed to resolve 'api.socksescort.com' ([Errno 8] nodename nor servname provided, or not known)"))
2025-08-20 17:01:43,838 - core.multi_provider_proxy_manager - WARNING - Failed to get proxies from oxylabs
2025-08-20 17:01:43,838 - core.multi_provider_proxy_manager - INFO - Switching from oxylabs to socksescort
2025-08-20 17:01:43,840 - core.multi_provider_proxy_manager - ERROR - Error loading SocksEscort proxies: HTTPSConnectionPool(host='api.socksescort.com', port=443): Max retries exceeded with url: /proxies (Caused by NameResolutionError("<urllib3.connection.HTTPSConnection object at 0x12f88e670>: Failed to resolve 'api.socksescort.com' ([Errno 8] nodename nor servname provided, or not known)"))
2025-08-20 17:01:43,840 - core.multi_provider_proxy_manager - WARNING - Failed to get proxies from socksescort
2025-08-20 17:01:43,840 - core.multi_provider_proxy_manager - INFO - Waiting 60 seconds before next fallback attempt...
2025-08-20 17:02:43,846 - core.multi_provider_proxy_manager - WARNING - Attempting provider fallback (attempt 2/3)
2025-08-20 17:02:43,847 - core.multi_provider_proxy_manager - INFO - Switching from socksescort to socksescort
2025-08-20 17:02:43,854 - core.multi_provider_proxy_manager - ERROR - Error loading SocksEscort proxies: HTTPSConnectionPool(host='api.socksescort.com', port=443): Max retries exceeded with url: /proxies (Caused by NameResolutionError("<urllib3.connection.HTTPSConnection object at 0x12f952430>: Failed to resolve 'api.socksescort.com' ([Errno 8] nodename nor servname provided, or not known)"))
2025-08-20 17:02:43,855 - core.multi_provider_proxy_manager - WARNING - Failed to get proxies from socksescort
2025-08-20 17:02:43,855 - core.multi_provider_proxy_manager - INFO - Switching from socksescort to oxylabs
2025-08-20 17:02:43,858 - core.multi_provider_proxy_manager - ERROR - Error loading Oxylabs proxies: HTTPSConnectionPool(host='api.socksescort.com', port=443): Max retries exceeded with url: /proxies (Caused by NameResolutionError("<urllib3.connection.HTTPSConnection object at 0x12f952df0>: Failed to resolve 'api.socksescort.com' ([Errno 8] nodename nor servname provided, or not known)"))
2025-08-20 17:02:43,858 - core.multi_provider_proxy_manager - WARNING - Failed to get proxies from oxylabs
2025-08-20 17:02:43,858 - core.multi_provider_proxy_manager - INFO - Switching from oxylabs to socksescort
2025-08-20 17:02:43,861 - core.multi_provider_proxy_manager - ERROR - Error loading SocksEscort proxies: HTTPSConnectionPool(host='api.socksescort.com', port=443): Max retries exceeded with url: /proxies (Caused by NameResolutionError("<urllib3.connection.HTTPSConnection object at 0x12f952c70>: Failed to resolve 'api.socksescort.com' ([Errno 8] nodename nor servname provided, or not known)"))
2025-08-20 17:02:43,861 - core.multi_provider_proxy_manager - WARNING - Failed to get proxies from socksescort
2025-08-20 17:02:43,861 - core.multi_provider_proxy_manager - INFO - Waiting 60 seconds before next fallback attempt...
2025-08-20 17:03:43,865 - core.multi_provider_proxy_manager - WARNING - Attempting provider fallback (attempt 3/3)
2025-08-20 17:03:43,866 - core.multi_provider_proxy_manager - INFO - Switching from socksescort to socksescort
2025-08-20 17:03:43,871 - core.multi_provider_proxy_manager - ERROR - Error loading SocksEscort proxies: HTTPSConnectionPool(host='api.socksescort.com', port=443): Max retries exceeded with url: /proxies (Caused by NameResolutionError("<urllib3.connection.HTTPSConnection object at 0x12f9520d0>: Failed to resolve 'api.socksescort.com' ([Errno 8] nodename nor servname provided, or not known)"))
2025-08-20 17:03:43,871 - core.multi_provider_proxy_manager - WARNING - Failed to get proxies from socksescort
2025-08-20 17:03:43,871 - core.multi_provider_proxy_manager - INFO - Switching from socksescort to oxylabs
2025-08-20 17:03:43,874 - core.multi_provider_proxy_manager - ERROR - Error loading Oxylabs proxies: HTTPSConnectionPool(host='api.socksescort.com', port=443): Max retries exceeded with url: /proxies (Caused by NameResolutionError("<urllib3.connection.HTTPSConnection object at 0x12f88e520>: Failed to resolve 'api.socksescort.com' ([Errno 8] nodename nor servname provided, or not known)"))
2025-08-20 17:03:43,874 - core.multi_provider_proxy_manager - WARNING - Failed to get proxies from oxylabs
2025-08-20 17:03:43,874 - core.multi_provider_proxy_manager - INFO - Switching from oxylabs to socksescort
2025-08-20 17:03:43,876 - core.multi_provider_proxy_manager - ERROR - Error loading SocksEscort proxies: HTTPSConnectionPool(host='api.socksescort.com', port=443): Max retries exceeded with url: /proxies (Caused by NameResolutionError("<urllib3.connection.HTTPSConnection object at 0x12f8f50a0>: Failed to resolve 'api.socksescort.com' ([Errno 8] nodename nor servname provided, or not known)"))
2025-08-20 17:03:43,877 - core.multi_provider_proxy_manager - WARNING - Failed to get proxies from socksescort
2025-08-20 17:03:43,877 - __main__ - WARNING - No available proxies found. Provider: socksescort
2025-08-20 17:03:43,877 - __main__ - WARNING - Not enough available proxies. Need 1, have 0
2025-08-20 17:03:43,877 - __main__ - INFO - Using dynamic entry point target: https://your-target-website.com
2025-08-20 17:03:43,877 - __main__ - INFO - Sequential daily visits completed: 0/0 successful
2025-08-20 17:03:48,882 - __main__ - INFO - Network behavior summary: 0 switches, stability score: 0.00
2025-08-20 17:03:48,883 - __main__ - INFO - Proxy Manager summary: 0 proxies, provider: socksescort, active: 0
2025-08-20 17:03:48,883 - __main__ - INFO - ML Learning summary: 0 sessions, success rate: 0.50
2025-08-20 17:03:48,883 - __main__ - INFO - Social proof summary: 0 interactions, total impact: 0.00
2025-08-20 17:03:48,883 - __main__ - INFO - Content intelligence summary: 0 analyses, avg quality: 0.00
2025-08-20 17:03:48,883 - __main__ - INFO - Behavioral biometrics summary: 5 profiles, session history: 0
2025-08-20 17:03:48,883 - __main__ - INFO - Temporal pattern summary: 5 profiles, session history: 0
2025-08-20 17:09:43,590 - core.multi_provider_proxy_manager - INFO - Unified multi-provider mode enabled with 9 providers
2025-08-20 17:09:43,591 - core.multi_provider_proxy_manager - INFO - Primary provider: socksescort (priority 1)
2025-08-20 17:09:43,598 - core.multi_provider_proxy_manager - ERROR - Error loading SocksEscort proxies: HTTPSConnectionPool(host='api.socksescort.com', port=443): Max retries exceeded with url: /proxies (Caused by NameResolutionError("<urllib3.connection.HTTPSConnection object at 0x1325feac0>: Failed to resolve 'api.socksescort.com' ([Errno 8] nodename nor servname provided, or not known)"))
2025-08-20 17:09:43,604 - core.ml_adaptive_engine - INFO - Models loaded successfully
2025-08-20 17:09:43,605 - __main__ - INFO - Ultra-advanced undetectable components initialized
2025-08-20 17:09:43,605 - __main__ - INFO - Multi-Login Bot Orchestrator initialized
2025-08-20 17:09:43,605 - __main__ - INFO - Starting daily visits: 1
2025-08-20 17:09:43,605 - __main__ - INFO - Running sequential execution
2025-08-20 17:09:43,605 - core.multi_provider_proxy_manager - WARNING - Attempting provider fallback (attempt 1/3)
2025-08-20 17:09:43,605 - core.multi_provider_proxy_manager - INFO - Switching from socksescort to socksescort
2025-08-20 17:09:43,607 - core.multi_provider_proxy_manager - ERROR - Error loading SocksEscort proxies: HTTPSConnectionPool(host='api.socksescort.com', port=443): Max retries exceeded with url: /proxies (Caused by NameResolutionError("<urllib3.connection.HTTPSConnection object at 0x1326a5b20>: Failed to resolve 'api.socksescort.com' ([Errno 8] nodename nor servname provided, or not known)"))
2025-08-20 17:09:43,607 - core.multi_provider_proxy_manager - WARNING - Failed to get proxies from socksescort
2025-08-20 17:09:43,607 - core.multi_provider_proxy_manager - INFO - Waiting 60 seconds before next fallback attempt...
2025-08-20 17:10:43,613 - core.multi_provider_proxy_manager - WARNING - Attempting provider fallback (attempt 2/3)
2025-08-20 17:10:43,615 - core.multi_provider_proxy_manager - INFO - Switching from socksescort to socksescort
2025-08-20 17:10:43,620 - core.multi_provider_proxy_manager - ERROR - Error loading SocksEscort proxies: HTTPSConnectionPool(host='api.socksescort.com', port=443): Max retries exceeded with url: /proxies (Caused by NameResolutionError("<urllib3.connection.HTTPSConnection object at 0x1326a5ac0>: Failed to resolve 'api.socksescort.com' ([Errno 8] nodename nor servname provided, or not known)"))
2025-08-20 17:10:43,620 - core.multi_provider_proxy_manager - WARNING - Failed to get proxies from socksescort
2025-08-20 17:10:43,620 - core.multi_provider_proxy_manager - INFO - Waiting 60 seconds before next fallback attempt...
2025-08-20 17:11:43,622 - core.multi_provider_proxy_manager - WARNING - Attempting provider fallback (attempt 3/3)
2025-08-20 17:11:43,624 - core.multi_provider_proxy_manager - INFO - Switching from socksescort to socksescort
2025-08-20 17:11:43,632 - core.multi_provider_proxy_manager - ERROR - Error loading SocksEscort proxies: HTTPSConnectionPool(host='api.socksescort.com', port=443): Max retries exceeded with url: /proxies (Caused by NameResolutionError("<urllib3.connection.HTTPSConnection object at 0x13263e940>: Failed to resolve 'api.socksescort.com' ([Errno 8] nodename nor servname provided, or not known)"))
2025-08-20 17:11:43,632 - core.multi_provider_proxy_manager - WARNING - Failed to get proxies from socksescort
2025-08-20 17:11:43,632 - __main__ - WARNING - No available proxies found. Provider: socksescort
2025-08-20 17:11:43,632 - __main__ - WARNING - Not enough available proxies. Need 1, have 0
2025-08-20 17:11:43,632 - __main__ - INFO - Using dynamic entry point target: https://your-target-website.com
2025-08-20 17:11:43,633 - __main__ - INFO - Sequential daily visits completed: 0/0 successful
2025-08-20 17:11:48,638 - __main__ - INFO - Network behavior summary: 0 switches, stability score: 0.00
2025-08-20 17:11:48,638 - __main__ - INFO - Proxy Manager summary: 0 proxies, provider: socksescort, active: 0
2025-08-20 17:11:48,639 - __main__ - INFO - ML Learning summary: 0 sessions, success rate: 0.50
2025-08-20 17:11:48,639 - __main__ - INFO - Social proof summary: 0 interactions, total impact: 0.00
2025-08-20 17:11:48,639 - __main__ - INFO - Content intelligence summary: 0 analyses, avg quality: 0.00
2025-08-20 17:11:48,639 - __main__ - INFO - Behavioral biometrics summary: 5 profiles, session history: 0
2025-08-20 17:11:48,639 - __main__ - INFO - Temporal pattern summary: 5 profiles, session history: 0
2025-08-20 17:51:31,914 - core.multi_provider_proxy_manager - INFO - Unified multi-provider mode enabled with 9 providers
2025-08-20 17:51:31,915 - core.multi_provider_proxy_manager - INFO - Primary provider: socksescort (priority 1)
2025-08-20 17:51:32,275 - core.multi_provider_proxy_manager - ERROR - Error loading SocksEscort proxies: HTTPSConnectionPool(host='api.socksescort.com', port=443): Max retries exceeded with url: /proxies (Caused by NameResolutionError("<urllib3.connection.HTTPSConnection object at 0x14fe18a90>: Failed to resolve 'api.socksescort.com' ([Errno 8] nodename nor servname provided, or not known)"))
2025-08-20 17:51:32,284 - core.ml_adaptive_engine - INFO - Models loaded successfully
2025-08-20 17:51:32,284 - __main__ - INFO - Ultra-advanced undetectable components initialized
2025-08-20 17:51:32,284 - __main__ - INFO - Multi-Login Bot Orchestrator initialized
2025-08-20 17:51:32,284 - __main__ - INFO - Starting daily visits: 1
2025-08-20 17:51:32,284 - __main__ - INFO - Running sequential execution
2025-08-20 17:51:32,284 - core.multi_provider_proxy_manager - WARNING - Attempting provider fallback (attempt 1/3)
2025-08-20 17:51:32,284 - core.multi_provider_proxy_manager - INFO - Switching from socksescort to socksescort
2025-08-20 17:51:32,287 - core.multi_provider_proxy_manager - ERROR - Error loading SocksEscort proxies: HTTPSConnectionPool(host='api.socksescort.com', port=443): Max retries exceeded with url: /proxies (Caused by NameResolutionError("<urllib3.connection.HTTPSConnection object at 0x14fe896a0>: Failed to resolve 'api.socksescort.com' ([Errno 8] nodename nor servname provided, or not known)"))
2025-08-20 17:51:32,288 - core.multi_provider_proxy_manager - WARNING - Failed to get proxies from socksescort
2025-08-20 17:51:32,288 - core.multi_provider_proxy_manager - INFO - Waiting 60 seconds before next fallback attempt...
2025-08-20 17:52:32,292 - core.multi_provider_proxy_manager - WARNING - Attempting provider fallback (attempt 2/3)
2025-08-20 17:52:32,293 - core.multi_provider_proxy_manager - INFO - Switching from socksescort to socksescort
2025-08-20 17:52:32,298 - core.multi_provider_proxy_manager - ERROR - Error loading SocksEscort proxies: HTTPSConnectionPool(host='api.socksescort.com', port=443): Max retries exceeded with url: /proxies (Caused by NameResolutionError("<urllib3.connection.HTTPSConnection object at 0x14fe89d30>: Failed to resolve 'api.socksescort.com' ([Errno 8] nodename nor servname provided, or not known)"))
2025-08-20 17:52:32,298 - core.multi_provider_proxy_manager - WARNING - Failed to get proxies from socksescort
2025-08-20 17:52:32,298 - core.multi_provider_proxy_manager - INFO - Waiting 60 seconds before next fallback attempt...
2025-08-20 17:53:32,304 - core.multi_provider_proxy_manager - WARNING - Attempting provider fallback (attempt 3/3)
2025-08-20 17:53:32,307 - core.multi_provider_proxy_manager - INFO - Switching from socksescort to socksescort
2025-08-20 17:53:32,313 - core.multi_provider_proxy_manager - ERROR - Error loading SocksEscort proxies: HTTPSConnectionPool(host='api.socksescort.com', port=443): Max retries exceeded with url: /proxies (Caused by NameResolutionError("<urllib3.connection.HTTPSConnection object at 0x14fe9c1f0>: Failed to resolve 'api.socksescort.com' ([Errno 8] nodename nor servname provided, or not known)"))
2025-08-20 17:53:32,313 - core.multi_provider_proxy_manager - WARNING - Failed to get proxies from socksescort
2025-08-20 17:53:32,313 - __main__ - WARNING - No available proxies found. Provider: socksescort
2025-08-20 17:53:32,313 - __main__ - WARNING - Not enough available proxies. Need 1, have 0
2025-08-20 17:53:32,313 - __main__ - INFO - Using dynamic entry point target: https://your-target-website.com
2025-08-20 17:53:32,313 - __main__ - INFO - Sequential daily visits completed: 0/0 successful
2025-08-20 17:53:37,319 - __main__ - INFO - Network behavior summary: 0 switches, stability score: 0.00
2025-08-20 17:53:37,319 - __main__ - INFO - Proxy Manager summary: 0 proxies, provider: socksescort, active: 0
2025-08-20 17:53:37,319 - __main__ - INFO - ML Learning summary: 0 sessions, success rate: 0.50
2025-08-20 17:53:37,319 - __main__ - INFO - Social proof summary: 0 interactions, total impact: 0.00
2025-08-20 17:53:37,319 - __main__ - INFO - Content intelligence summary: 0 analyses, avg quality: 0.00
2025-08-20 17:53:37,319 - __main__ - INFO - Behavioral biometrics summary: 5 profiles, session history: 0
2025-08-20 17:53:37,319 - __main__ - INFO - Temporal pattern summary: 5 profiles, session history: 0
2025-08-20 17:59:50,742 - core.multi_provider_proxy_manager - INFO - Unified multi-provider mode enabled with 9 providers
2025-08-20 17:59:50,742 - core.multi_provider_proxy_manager - INFO - Primary provider: socksescort (priority 1)
2025-08-20 17:59:50,753 - core.multi_provider_proxy_manager - ERROR - Error loading SocksEscort proxies: HTTPSConnectionPool(host='api.socksescort.com', port=443): Max retries exceeded with url: /proxies (Caused by NameResolutionError("<urllib3.connection.HTTPSConnection object at 0x13a57f3d0>: Failed to resolve 'api.socksescort.com' ([Errno 8] nodename nor servname provided, or not known)"))
2025-08-20 17:59:50,759 - core.ml_adaptive_engine - INFO - Models loaded successfully
2025-08-20 17:59:50,759 - __main__ - INFO - Ultra-advanced undetectable components initialized
2025-08-20 17:59:50,759 - __main__ - INFO - Multi-Login Bot Orchestrator initialized
2025-08-20 17:59:50,759 - __main__ - INFO - Starting daily visits: 1
2025-08-20 17:59:50,759 - __main__ - INFO - Running sequential execution
2025-08-20 17:59:50,759 - core.multi_provider_proxy_manager - WARNING - Attempting provider fallback (attempt 1/3)
2025-08-20 17:59:50,759 - core.multi_provider_proxy_manager - INFO - Switching from socksescort to socksescort
2025-08-20 17:59:50,761 - core.multi_provider_proxy_manager - ERROR - Error loading SocksEscort proxies: HTTPSConnectionPool(host='api.socksescort.com', port=443): Max retries exceeded with url: /proxies (Caused by NameResolutionError("<urllib3.connection.HTTPSConnection object at 0x13fb95790>: Failed to resolve 'api.socksescort.com' ([Errno 8] nodename nor servname provided, or not known)"))
2025-08-20 17:59:50,761 - core.multi_provider_proxy_manager - WARNING - Failed to get proxies from socksescort
2025-08-20 17:59:50,761 - core.multi_provider_proxy_manager - INFO - Waiting 60 seconds before next fallback attempt...
2025-08-20 18:00:50,766 - core.multi_provider_proxy_manager - WARNING - Attempting provider fallback (attempt 2/3)
2025-08-20 18:00:50,769 - core.multi_provider_proxy_manager - INFO - Switching from socksescort to socksescort
2025-08-20 18:00:50,780 - core.multi_provider_proxy_manager - ERROR - Error loading SocksEscort proxies: HTTPSConnectionPool(host='api.socksescort.com', port=443): Max retries exceeded with url: /proxies (Caused by NameResolutionError("<urllib3.connection.HTTPSConnection object at 0x13fb9b130>: Failed to resolve 'api.socksescort.com' ([Errno 8] nodename nor servname provided, or not known)"))
2025-08-20 18:00:50,781 - core.multi_provider_proxy_manager - WARNING - Failed to get proxies from socksescort
2025-08-20 18:00:50,781 - core.multi_provider_proxy_manager - INFO - Waiting 60 seconds before next fallback attempt...
2025-08-20 18:01:50,786 - core.multi_provider_proxy_manager - WARNING - Attempting provider fallback (attempt 3/3)
2025-08-20 18:01:50,789 - core.multi_provider_proxy_manager - INFO - Switching from socksescort to socksescort
2025-08-20 18:01:50,798 - core.multi_provider_proxy_manager - ERROR - Error loading SocksEscort proxies: HTTPSConnectionPool(host='api.socksescort.com', port=443): Max retries exceeded with url: /proxies (Caused by NameResolutionError("<urllib3.connection.HTTPSConnection object at 0x13fb9ba90>: Failed to resolve 'api.socksescort.com' ([Errno 8] nodename nor servname provided, or not known)"))
2025-08-20 18:01:50,799 - core.multi_provider_proxy_manager - WARNING - Failed to get proxies from socksescort
2025-08-20 18:01:50,799 - __main__ - WARNING - No available proxies found. Provider: socksescort
2025-08-20 18:01:50,799 - __main__ - WARNING - Not enough available proxies. Need 1, have 0
2025-08-20 18:01:50,799 - __main__ - INFO - Using dynamic entry point target: https://your-target-website.com
2025-08-20 18:01:50,799 - __main__ - INFO - Sequential daily visits completed: 0/0 successful
2025-08-20 18:01:55,805 - __main__ - INFO - Network behavior summary: 0 switches, stability score: 0.00
2025-08-20 18:01:55,805 - __main__ - INFO - Proxy Manager summary: 0 proxies, provider: socksescort, active: 0
2025-08-20 18:01:55,805 - __main__ - INFO - ML Learning summary: 0 sessions, success rate: 0.50
2025-08-20 18:01:55,805 - __main__ - INFO - Social proof summary: 0 interactions, total impact: 0.00
2025-08-20 18:01:55,805 - __main__ - INFO - Content intelligence summary: 0 analyses, avg quality: 0.00
2025-08-20 18:01:55,806 - __main__ - INFO - Behavioral biometrics summary: 5 profiles, session history: 0
2025-08-20 18:01:55,806 - __main__ - INFO - Temporal pattern summary: 5 profiles, session history: 0
2025-08-20 18:12:23,548 - core.multi_provider_proxy_manager - INFO - Unified multi-provider mode enabled with 9 providers
2025-08-20 18:12:23,548 - core.multi_provider_proxy_manager - INFO - Primary provider: socksescort (priority 1)
2025-08-20 18:12:23,556 - core.multi_provider_proxy_manager - ERROR - Error loading SocksEscort proxies: HTTPSConnectionPool(host='api.socksescort.com', port=443): Max retries exceeded with url: /proxies (Caused by NameResolutionError("<urllib3.connection.HTTPSConnection object at 0x167c533d0>: Failed to resolve 'api.socksescort.com' ([Errno 8] nodename nor servname provided, or not known)"))
2025-08-20 18:12:23,562 - core.ml_adaptive_engine - INFO - Models loaded successfully
2025-08-20 18:12:23,562 - __main__ - INFO - Ultra-advanced undetectable components initialized
2025-08-20 18:12:23,562 - __main__ - INFO - Multi-Login Bot Orchestrator initialized
2025-08-20 18:12:23,563 - __main__ - INFO - Starting daily visits: 1
2025-08-20 18:12:23,563 - __main__ - INFO - Running sequential execution
2025-08-20 18:12:23,563 - core.multi_provider_proxy_manager - WARNING - Attempting provider fallback (attempt 1/3)
2025-08-20 18:12:23,563 - core.multi_provider_proxy_manager - INFO - Switching from socksescort to socksescort
2025-08-20 18:12:23,565 - core.multi_provider_proxy_manager - ERROR - Error loading SocksEscort proxies: HTTPSConnectionPool(host='api.socksescort.com', port=443): Max retries exceeded with url: /proxies (Caused by NameResolutionError("<urllib3.connection.HTTPSConnection object at 0x167d0e790>: Failed to resolve 'api.socksescort.com' ([Errno 8] nodename nor servname provided, or not known)"))
2025-08-20 18:12:23,565 - core.multi_provider_proxy_manager - WARNING - Failed to get proxies from socksescort
2025-08-20 18:12:23,565 - core.multi_provider_proxy_manager - INFO - Waiting 60 seconds before next fallback attempt...
2025-08-20 18:13:23,571 - core.multi_provider_proxy_manager - WARNING - Attempting provider fallback (attempt 2/3)
2025-08-20 18:13:23,572 - core.multi_provider_proxy_manager - INFO - Switching from socksescort to socksescort
2025-08-20 18:13:23,578 - core.multi_provider_proxy_manager - ERROR - Error loading SocksEscort proxies: HTTPSConnectionPool(host='api.socksescort.com', port=443): Max retries exceeded with url: /proxies (Caused by NameResolutionError("<urllib3.connection.HTTPSConnection object at 0x167d14130>: Failed to resolve 'api.socksescort.com' ([Errno 8] nodename nor servname provided, or not known)"))
2025-08-20 18:13:23,578 - core.multi_provider_proxy_manager - WARNING - Failed to get proxies from socksescort
2025-08-20 18:13:23,578 - core.multi_provider_proxy_manager - INFO - Waiting 60 seconds before next fallback attempt...
2025-08-20 18:14:23,581 - core.multi_provider_proxy_manager - WARNING - Attempting provider fallback (attempt 3/3)
2025-08-20 18:14:23,582 - core.multi_provider_proxy_manager - INFO - Switching from socksescort to socksescort
2025-08-20 18:14:23,588 - core.multi_provider_proxy_manager - ERROR - Error loading SocksEscort proxies: HTTPSConnectionPool(host='api.socksescort.com', port=443): Max retries exceeded with url: /proxies (Caused by NameResolutionError("<urllib3.connection.HTTPSConnection object at 0x167d14a90>: Failed to resolve 'api.socksescort.com' ([Errno 8] nodename nor servname provided, or not known)"))
2025-08-20 18:14:23,589 - core.multi_provider_proxy_manager - WARNING - Failed to get proxies from socksescort
2025-08-20 18:14:23,589 - __main__ - WARNING - No available proxies found. Provider: socksescort
2025-08-20 18:14:23,589 - __main__ - WARNING - Not enough available proxies. Need 1, have 0
2025-08-20 18:14:23,589 - __main__ - INFO - Using dynamic entry point target: https://your-target-website.com
2025-08-20 18:14:23,589 - __main__ - INFO - Sequential daily visits completed: 0/0 successful
2025-08-20 18:14:28,594 - __main__ - INFO - Network behavior summary: 0 switches, stability score: 0.00
2025-08-20 18:14:28,595 - __main__ - INFO - Proxy Manager summary: 0 proxies, provider: socksescort, active: 0
2025-08-20 18:14:28,595 - __main__ - INFO - ML Learning summary: 0 sessions, success rate: 0.50
2025-08-20 18:14:28,595 - __main__ - INFO - Social proof summary: 0 interactions, total impact: 0.00
2025-08-20 18:14:28,595 - __main__ - INFO - Content intelligence summary: 0 analyses, avg quality: 0.00
2025-08-20 18:14:28,595 - __main__ - INFO - Behavioral biometrics summary: 5 profiles, session history: 0
2025-08-20 18:14:28,595 - __main__ - INFO - Temporal pattern summary: 5 profiles, session history: 0
2025-08-20 18:49:50,914 - core.multi_provider_proxy_manager - INFO - Unified multi-provider mode enabled with 9 providers
2025-08-20 18:49:50,915 - core.multi_provider_proxy_manager - INFO - Primary provider: socksescort (priority 1)
2025-08-20 18:49:51,048 - core.multi_provider_proxy_manager - ERROR - Error loading SocksEscort proxies: HTTPSConnectionPool(host='api.socksescort.com', port=443): Max retries exceeded with url: /proxies (Caused by NameResolutionError("<urllib3.connection.HTTPSConnection object at 0x13ff84d00>: Failed to resolve 'api.socksescort.com' ([Errno 8] nodename nor servname provided, or not known)"))
2025-08-20 18:49:51,055 - core.advanced_ai_behavior_engine - INFO - Advanced AI Behavior Engine initialized with 10 target categories
2025-08-20 18:49:51,056 - core.ml_adaptive_engine - INFO - Models loaded successfully
2025-08-20 18:49:51,056 - core.content_intelligence_engine - INFO - Content Intelligence Engine initialized with 10 target categories
2025-08-20 18:49:51,056 - __main__ - INFO - Content analysis configured with 10 target categories: technology, lifestyle, business, entertainment, education, finance, health, sports, news, travel
2025-08-20 18:49:51,056 - __main__ - INFO - Ultra-advanced undetectable components initialized
2025-08-20 18:49:51,056 - __main__ - INFO - Multi-Login Bot Orchestrator initialized
2025-08-20 18:49:51,056 - __main__ - INFO - Starting daily visits: 1
2025-08-20 18:49:51,056 - __main__ - INFO - Running sequential execution
2025-08-20 18:49:51,056 - core.multi_provider_proxy_manager - WARNING - Attempting provider fallback (attempt 1/3)
2025-08-20 18:49:51,056 - core.multi_provider_proxy_manager - INFO - Switching from socksescort to socksescort
2025-08-20 18:49:51,059 - core.multi_provider_proxy_manager - ERROR - Error loading SocksEscort proxies: HTTPSConnectionPool(host='api.socksescort.com', port=443): Max retries exceeded with url: /proxies (Caused by NameResolutionError("<urllib3.connection.HTTPSConnection object at 0x13ff97df0>: Failed to resolve 'api.socksescort.com' ([Errno 8] nodename nor servname provided, or not known)"))
2025-08-20 18:49:51,059 - core.multi_provider_proxy_manager - WARNING - Failed to get proxies from socksescort
2025-08-20 18:49:51,059 - core.multi_provider_proxy_manager - INFO - Waiting 60 seconds before next fallback attempt...
2025-08-20 18:50:51,064 - core.multi_provider_proxy_manager - WARNING - Attempting provider fallback (attempt 2/3)
2025-08-20 18:50:51,065 - core.multi_provider_proxy_manager - INFO - Switching from socksescort to socksescort
2025-08-20 18:50:51,072 - core.multi_provider_proxy_manager - ERROR - Error loading SocksEscort proxies: HTTPSConnectionPool(host='api.socksescort.com', port=443): Max retries exceeded with url: /proxies (Caused by NameResolutionError("<urllib3.connection.HTTPSConnection object at 0x13ff97280>: Failed to resolve 'api.socksescort.com' ([Errno 8] nodename nor servname provided, or not known)"))
2025-08-20 18:50:51,072 - core.multi_provider_proxy_manager - WARNING - Failed to get proxies from socksescort
2025-08-20 18:50:51,072 - core.multi_provider_proxy_manager - INFO - Waiting 60 seconds before next fallback attempt...
2025-08-20 18:51:51,071 - core.multi_provider_proxy_manager - WARNING - Attempting provider fallback (attempt 3/3)
2025-08-20 18:51:51,073 - core.multi_provider_proxy_manager - INFO - Switching from socksescort to socksescort
2025-08-20 18:51:51,079 - core.multi_provider_proxy_manager - ERROR - Error loading SocksEscort proxies: HTTPSConnectionPool(host='api.socksescort.com', port=443): Max retries exceeded with url: /proxies (Caused by NameResolutionError("<urllib3.connection.HTTPSConnection object at 0x149f57580>: Failed to resolve 'api.socksescort.com' ([Errno 8] nodename nor servname provided, or not known)"))
2025-08-20 18:51:51,079 - core.multi_provider_proxy_manager - WARNING - Failed to get proxies from socksescort
2025-08-20 18:51:51,079 - __main__ - WARNING - No available proxies found. Provider: socksescort
2025-08-20 18:51:51,079 - __main__ - WARNING - Not enough available proxies. Need 1, have 0
2025-08-20 18:51:51,080 - __main__ - INFO - Using dynamic entry point target: https://dev-plugin.local/
2025-08-20 18:51:51,080 - __main__ - INFO - Sequential daily visits completed: 0/0 successful
2025-08-20 18:51:56,085 - __main__ - INFO - Network behavior summary: 0 switches, stability score: 0.00
2025-08-20 18:51:56,085 - __main__ - INFO - Proxy Manager summary: 0 proxies, provider: socksescort, active: 0
2025-08-20 18:51:56,085 - __main__ - INFO - ML Learning summary: 0 sessions, success rate: 0.50
2025-08-20 18:51:56,085 - __main__ - INFO - Social proof summary: 0 interactions, total impact: 0.00
2025-08-20 18:51:56,085 - __main__ - INFO - Content intelligence summary: 0 analyses, avg quality: 0.00
2025-08-20 18:51:56,085 - __main__ - INFO - Behavioral biometrics summary: 5 profiles, session history: 0
2025-08-20 18:51:56,085 - __main__ - INFO - Temporal pattern summary: 5 profiles, session history: 0
2025-08-20 21:32:08,585 - core.multi_provider_proxy_manager - INFO - Unified multi-provider mode enabled with 9 providers
2025-08-20 21:32:08,586 - core.multi_provider_proxy_manager - INFO - Primary provider: socksescort (priority 1)
2025-08-20 21:32:08,803 - core.multi_provider_proxy_manager - ERROR - Error loading SocksEscort proxies: HTTPSConnectionPool(host='api.socksescort.com', port=443): Max retries exceeded with url: /proxies (Caused by NameResolutionError("<urllib3.connection.HTTPSConnection object at 0x1469fddf0>: Failed to resolve 'api.socksescort.com' ([Errno 8] nodename nor servname provided, or not known)"))
2025-08-20 21:32:08,811 - core.advanced_ai_behavior_engine - INFO - Advanced AI Behavior Engine initialized with 10 target categories
2025-08-20 21:32:08,812 - core.ml_adaptive_engine - INFO - Models loaded successfully
2025-08-20 21:32:08,812 - core.content_intelligence_engine - INFO - Content Intelligence Engine initialized with 10 target categories
2025-08-20 21:32:08,812 - core.dynamic_entry_manager - INFO - Using default keywords from target categories
2025-08-20 21:32:08,812 - __main__ - INFO - Content analysis configured with 10 target categories: technology, lifestyle, business, entertainment, education, finance, health, sports, news, travel
2025-08-20 21:32:08,812 - __main__ - INFO - Ultra-advanced undetectable components initialized
2025-08-20 21:32:08,812 - __main__ - INFO - Multi-Login Bot Orchestrator initialized
2025-08-20 21:32:08,812 - __main__ - INFO - Starting daily visits: 1
2025-08-20 21:32:08,812 - __main__ - INFO - Running sequential execution
2025-08-20 21:32:08,812 - core.multi_provider_proxy_manager - WARNING - Attempting provider fallback (attempt 1/3)
2025-08-20 21:32:08,812 - core.multi_provider_proxy_manager - INFO - Switching from socksescort to socksescort
2025-08-20 21:32:08,815 - core.multi_provider_proxy_manager - ERROR - Error loading SocksEscort proxies: HTTPSConnectionPool(host='api.socksescort.com', port=443): Max retries exceeded with url: /proxies (Caused by NameResolutionError("<urllib3.connection.HTTPSConnection object at 0x146a1b6a0>: Failed to resolve 'api.socksescort.com' ([Errno 8] nodename nor servname provided, or not known)"))
2025-08-20 21:32:08,815 - core.multi_provider_proxy_manager - WARNING - Failed to get proxies from socksescort
2025-08-20 21:32:08,815 - core.multi_provider_proxy_manager - INFO - Waiting 60 seconds before next fallback attempt...
2025-08-20 21:33:08,819 - core.multi_provider_proxy_manager - WARNING - Attempting provider fallback (attempt 2/3)
2025-08-20 21:33:08,822 - core.multi_provider_proxy_manager - INFO - Switching from socksescort to socksescort
2025-08-20 21:33:08,833 - core.multi_provider_proxy_manager - ERROR - Error loading SocksEscort proxies: HTTPSConnectionPool(host='api.socksescort.com', port=443): Max retries exceeded with url: /proxies (Caused by NameResolutionError("<urllib3.connection.HTTPSConnection object at 0x146a1b070>: Failed to resolve 'api.socksescort.com' ([Errno 8] nodename nor servname provided, or not known)"))
2025-08-20 21:33:08,833 - core.multi_provider_proxy_manager - WARNING - Failed to get proxies from socksescort
2025-08-20 21:33:08,834 - core.multi_provider_proxy_manager - INFO - Waiting 60 seconds before next fallback attempt...
2025-08-20 21:34:08,839 - core.multi_provider_proxy_manager - WARNING - Attempting provider fallback (attempt 3/3)
2025-08-20 21:34:08,841 - core.multi_provider_proxy_manager - INFO - Switching from socksescort to socksescort
2025-08-20 21:34:08,846 - core.multi_provider_proxy_manager - ERROR - Error loading SocksEscort proxies: HTTPSConnectionPool(host='api.socksescort.com', port=443): Max retries exceeded with url: /proxies (Caused by NameResolutionError("<urllib3.connection.HTTPSConnection object at 0x146a1bdf0>: Failed to resolve 'api.socksescort.com' ([Errno 8] nodename nor servname provided, or not known)"))
2025-08-20 21:34:08,846 - core.multi_provider_proxy_manager - WARNING - Failed to get proxies from socksescort
2025-08-20 21:34:08,846 - __main__ - WARNING - No available proxies found. Provider: socksescort
2025-08-20 21:34:08,846 - __main__ - WARNING - Not enough available proxies. Need 1, have 0
2025-08-20 21:34:08,847 - __main__ - INFO - Using dynamic entry point target: https://dev-plugin.local/
2025-08-20 21:34:08,847 - __main__ - INFO - Sequential daily visits completed: 0/0 successful
2025-08-20 21:34:13,852 - __main__ - INFO - Network behavior summary: 0 switches, stability score: 0.00
2025-08-20 21:34:13,852 - __main__ - INFO - Proxy Manager summary: 0 proxies, provider: socksescort, active: 0
2025-08-20 21:34:13,853 - __main__ - INFO - ML Learning summary: 0 sessions, success rate: 0.50
2025-08-20 21:34:13,853 - __main__ - INFO - Social proof summary: 0 interactions, total impact: 0.00
2025-08-20 21:34:13,853 - __main__ - INFO - Content intelligence summary: 0 analyses, avg quality: 0.00
2025-08-20 21:34:13,853 - __main__ - INFO - Behavioral biometrics summary: 5 profiles, session history: 0
2025-08-20 21:34:13,853 - __main__ - INFO - Temporal pattern summary: 5 profiles, session history: 0
2025-08-20 21:34:41,089 - core.multi_provider_proxy_manager - INFO - Unified multi-provider mode enabled with 9 providers
2025-08-20 21:34:41,089 - core.multi_provider_proxy_manager - INFO - Primary provider: socksescort (priority 1)
2025-08-20 21:34:41,096 - core.multi_provider_proxy_manager - ERROR - Error loading SocksEscort proxies: HTTPSConnectionPool(host='api.socksescort.com', port=443): Max retries exceeded with url: /proxies (Caused by NameResolutionError("<urllib3.connection.HTTPSConnection object at 0x127f52d00>: Failed to resolve 'api.socksescort.com' ([Errno 8] nodename nor servname provided, or not known)"))
2025-08-20 21:34:41,102 - core.advanced_ai_behavior_engine - INFO - Advanced AI Behavior Engine initialized with 10 target categories
2025-08-20 21:34:41,102 - core.ml_adaptive_engine - INFO - Models loaded successfully
2025-08-20 21:34:41,102 - core.content_intelligence_engine - INFO - Content Intelligence Engine initialized with 10 target categories
2025-08-20 21:34:41,103 - core.dynamic_entry_manager - WARNING - Custom keywords file not found: config/keywords.json
2025-08-20 21:34:41,103 - core.dynamic_entry_manager - INFO - Falling back to category-based keywords
2025-08-20 21:34:41,103 - core.dynamic_entry_manager - INFO - Custom keywords enabled: config/keywords.json
2025-08-20 21:34:41,103 - __main__ - INFO - Content analysis configured with 10 target categories: technology, lifestyle, business, entertainment, education, finance, health, sports, news, travel
2025-08-20 21:34:41,103 - __main__ - INFO - Ultra-advanced undetectable components initialized
2025-08-20 21:34:41,103 - __main__ - INFO - Multi-Login Bot Orchestrator initialized
2025-08-20 21:34:41,103 - __main__ - INFO - Starting daily visits: 1
2025-08-20 21:34:41,103 - __main__ - INFO - Running sequential execution
2025-08-20 21:34:41,103 - core.multi_provider_proxy_manager - WARNING - Attempting provider fallback (attempt 1/3)
2025-08-20 21:34:41,103 - core.multi_provider_proxy_manager - INFO - Switching from socksescort to socksescort
2025-08-20 21:34:41,106 - core.multi_provider_proxy_manager - ERROR - Error loading SocksEscort proxies: HTTPSConnectionPool(host='api.socksescort.com', port=443): Max retries exceeded with url: /proxies (Caused by NameResolutionError("<urllib3.connection.HTTPSConnection object at 0x14045f1f0>: Failed to resolve 'api.socksescort.com' ([Errno 8] nodename nor servname provided, or not known)"))
2025-08-20 21:34:41,106 - core.multi_provider_proxy_manager - WARNING - Failed to get proxies from socksescort
2025-08-20 21:34:41,106 - core.multi_provider_proxy_manager - INFO - Waiting 60 seconds before next fallback attempt...
2025-08-20 21:35:41,112 - core.multi_provider_proxy_manager - WARNING - Attempting provider fallback (attempt 2/3)
2025-08-20 21:35:41,113 - core.multi_provider_proxy_manager - INFO - Switching from socksescort to socksescort
2025-08-20 21:35:41,119 - core.multi_provider_proxy_manager - ERROR - Error loading SocksEscort proxies: HTTPSConnectionPool(host='api.socksescort.com', port=443): Max retries exceeded with url: /proxies (Caused by NameResolutionError("<urllib3.connection.HTTPSConnection object at 0x14045fb50>: Failed to resolve 'api.socksescort.com' ([Errno 8] nodename nor servname provided, or not known)"))
2025-08-20 21:35:41,119 - core.multi_provider_proxy_manager - WARNING - Failed to get proxies from socksescort
2025-08-20 21:35:41,119 - core.multi_provider_proxy_manager - INFO - Waiting 60 seconds before next fallback attempt...
2025-08-20 21:36:41,125 - core.multi_provider_proxy_manager - WARNING - Attempting provider fallback (attempt 3/3)
2025-08-20 21:36:41,127 - core.multi_provider_proxy_manager - INFO - Switching from socksescort to socksescort
2025-08-20 21:36:41,132 - core.multi_provider_proxy_manager - ERROR - Error loading SocksEscort proxies: HTTPSConnectionPool(host='api.socksescort.com', port=443): Max retries exceeded with url: /proxies (Caused by NameResolutionError("<urllib3.connection.HTTPSConnection object at 0x1404644f0>: Failed to resolve 'api.socksescort.com' ([Errno 8] nodename nor servname provided, or not known)"))
2025-08-20 21:36:41,132 - core.multi_provider_proxy_manager - WARNING - Failed to get proxies from socksescort
2025-08-20 21:36:41,132 - __main__ - WARNING - No available proxies found. Provider: socksescort
2025-08-20 21:36:41,132 - __main__ - WARNING - Not enough available proxies. Need 1, have 0
2025-08-20 21:36:41,132 - __main__ - INFO - Using dynamic entry point target: https://dev-plugin.local/
2025-08-20 21:36:41,132 - __main__ - INFO - Sequential daily visits completed: 0/0 successful
2025-08-20 21:36:46,143 - __main__ - INFO - Network behavior summary: 0 switches, stability score: 0.00
2025-08-20 21:36:46,146 - __main__ - INFO - Proxy Manager summary: 0 proxies, provider: socksescort, active: 0
2025-08-20 21:36:46,147 - __main__ - INFO - ML Learning summary: 0 sessions, success rate: 0.50
2025-08-20 21:36:46,147 - __main__ - INFO - Social proof summary: 0 interactions, total impact: 0.00
2025-08-20 21:36:46,147 - __main__ - INFO - Content intelligence summary: 0 analyses, avg quality: 0.00
2025-08-20 21:36:46,147 - __main__ - INFO - Behavioral biometrics summary: 5 profiles, session history: 0
2025-08-20 21:36:46,147 - __main__ - INFO - Temporal pattern summary: 5 profiles, session history: 0
2025-08-20 21:37:10,950 - core.multi_provider_proxy_manager - INFO - Unified multi-provider mode enabled with 9 providers
2025-08-20 21:37:10,951 - core.multi_provider_proxy_manager - INFO - Primary provider: socksescort (priority 1)
2025-08-20 21:37:10,957 - core.multi_provider_proxy_manager - ERROR - Error loading SocksEscort proxies: HTTPSConnectionPool(host='api.socksescort.com', port=443): Max retries exceeded with url: /proxies (Caused by NameResolutionError("<urllib3.connection.HTTPSConnection object at 0x146d8ad00>: Failed to resolve 'api.socksescort.com' ([Errno 8] nodename nor servname provided, or not known)"))
2025-08-20 21:37:10,963 - core.advanced_ai_behavior_engine - INFO - Advanced AI Behavior Engine initialized with 10 target categories
2025-08-20 21:37:10,963 - core.ml_adaptive_engine - INFO - Models loaded successfully
2025-08-20 21:37:10,964 - core.content_intelligence_engine - INFO - Content Intelligence Engine initialized with 10 target categories
2025-08-20 21:37:10,964 - core.dynamic_entry_manager - INFO - Loaded 110 custom keywords from ../config/keywords.json
2025-08-20 21:37:10,964 - core.dynamic_entry_manager - INFO - Custom keywords enabled: ../config/keywords.json
2025-08-20 21:37:10,964 - __main__ - INFO - Content analysis configured with 10 target categories: technology, lifestyle, business, entertainment, education, finance, health, sports, news, travel
2025-08-20 21:37:10,964 - __main__ - INFO - Ultra-advanced undetectable components initialized
2025-08-20 21:37:10,964 - __main__ - INFO - Multi-Login Bot Orchestrator initialized
2025-08-20 21:37:10,964 - __main__ - INFO - Starting daily visits: 1
2025-08-20 21:37:10,964 - __main__ - INFO - Running sequential execution
2025-08-20 21:37:10,964 - core.multi_provider_proxy_manager - WARNING - Attempting provider fallback (attempt 1/3)
2025-08-20 21:37:10,964 - core.multi_provider_proxy_manager - INFO - Switching from socksescort to socksescort
2025-08-20 21:37:10,967 - core.multi_provider_proxy_manager - ERROR - Error loading SocksEscort proxies: HTTPSConnectionPool(host='api.socksescort.com', port=443): Max retries exceeded with url: /proxies (Caused by NameResolutionError("<urllib3.connection.HTTPSConnection object at 0x14f71a1f0>: Failed to resolve 'api.socksescort.com' ([Errno 8] nodename nor servname provided, or not known)"))
2025-08-20 21:37:10,967 - core.multi_provider_proxy_manager - WARNING - Failed to get proxies from socksescort
2025-08-20 21:37:10,967 - core.multi_provider_proxy_manager - INFO - Waiting 60 seconds before next fallback attempt...
2025-08-20 21:38:10,972 - core.multi_provider_proxy_manager - WARNING - Attempting provider fallback (attempt 2/3)
2025-08-20 21:38:10,974 - core.multi_provider_proxy_manager - INFO - Switching from socksescort to socksescort
2025-08-20 21:38:10,980 - core.multi_provider_proxy_manager - ERROR - Error loading SocksEscort proxies: HTTPSConnectionPool(host='api.socksescort.com', port=443): Max retries exceeded with url: /proxies (Caused by NameResolutionError("<urllib3.connection.HTTPSConnection object at 0x14f71ab50>: Failed to resolve 'api.socksescort.com' ([Errno 8] nodename nor servname provided, or not known)"))
2025-08-20 21:38:10,980 - core.multi_provider_proxy_manager - WARNING - Failed to get proxies from socksescort
2025-08-20 21:38:10,980 - core.multi_provider_proxy_manager - INFO - Waiting 60 seconds before next fallback attempt...
2025-08-20 21:39:10,982 - core.multi_provider_proxy_manager - WARNING - Attempting provider fallback (attempt 3/3)
2025-08-20 21:39:10,983 - core.multi_provider_proxy_manager - INFO - Switching from socksescort to socksescort
2025-08-20 21:39:10,989 - core.multi_provider_proxy_manager - ERROR - Error loading SocksEscort proxies: HTTPSConnectionPool(host='api.socksescort.com', port=443): Max retries exceeded with url: /proxies (Caused by NameResolutionError("<urllib3.connection.HTTPSConnection object at 0x14f71f4f0>: Failed to resolve 'api.socksescort.com' ([Errno 8] nodename nor servname provided, or not known)"))
2025-08-20 21:39:10,989 - core.multi_provider_proxy_manager - WARNING - Failed to get proxies from socksescort
2025-08-20 21:39:10,989 - __main__ - WARNING - No available proxies found. Provider: socksescort
2025-08-20 21:39:10,990 - __main__ - WARNING - Not enough available proxies. Need 1, have 0
2025-08-20 21:39:10,990 - __main__ - INFO - Using dynamic entry point target: https://dev-plugin.local/
2025-08-20 21:39:10,990 - __main__ - INFO - Sequential daily visits completed: 0/0 successful
2025-08-20 21:39:15,995 - __main__ - INFO - Network behavior summary: 0 switches, stability score: 0.00
2025-08-20 21:39:15,996 - __main__ - INFO - Proxy Manager summary: 0 proxies, provider: socksescort, active: 0
2025-08-20 21:39:15,996 - __main__ - INFO - ML Learning summary: 0 sessions, success rate: 0.50
2025-08-20 21:39:15,996 - __main__ - INFO - Social proof summary: 0 interactions, total impact: 0.00
2025-08-20 21:39:15,996 - __main__ - INFO - Content intelligence summary: 0 analyses, avg quality: 0.00
2025-08-20 21:39:15,996 - __main__ - INFO - Behavioral biometrics summary: 5 profiles, session history: 0
2025-08-20 21:39:15,996 - __main__ - INFO - Temporal pattern summary: 5 profiles, session history: 0
2025-08-20 21:39:33,765 - core.multi_provider_proxy_manager - INFO - Unified multi-provider mode enabled with 9 providers
2025-08-20 21:39:33,765 - core.multi_provider_proxy_manager - INFO - Primary provider: socksescort (priority 1)
2025-08-20 21:39:33,771 - core.multi_provider_proxy_manager - ERROR - Error loading SocksEscort proxies: HTTPSConnectionPool(host='api.socksescort.com', port=443): Max retries exceeded with url: /proxies (Caused by NameResolutionError("<urllib3.connection.HTTPSConnection object at 0x12786ed00>: Failed to resolve 'api.socksescort.com' ([Errno 8] nodename nor servname provided, or not known)"))
2025-08-20 21:39:33,777 - core.advanced_ai_behavior_engine - INFO - Advanced AI Behavior Engine initialized with 10 target categories
2025-08-20 21:39:33,777 - core.ml_adaptive_engine - INFO - Models loaded successfully
2025-08-20 21:39:33,777 - core.content_intelligence_engine - INFO - Content Intelligence Engine initialized with 10 target categories
2025-08-20 21:39:33,778 - core.dynamic_entry_manager - INFO - Loaded 110 custom keywords from ../config/keywords.json
2025-08-20 21:39:33,778 - core.dynamic_entry_manager - INFO - Using custom search engines: google, bing
2025-08-20 21:39:33,778 - core.dynamic_entry_manager - INFO - Custom keywords enabled: ../config/keywords.json
2025-08-20 21:39:33,778 - core.dynamic_entry_manager - INFO - Custom search engines: google, bing
2025-08-20 21:39:33,778 - __main__ - INFO - Content analysis configured with 10 target categories: technology, lifestyle, business, entertainment, education, finance, health, sports, news, travel
2025-08-20 21:39:33,778 - __main__ - INFO - Ultra-advanced undetectable components initialized
2025-08-20 21:39:33,778 - __main__ - INFO - Multi-Login Bot Orchestrator initialized
2025-08-20 21:39:33,778 - __main__ - INFO - Starting daily visits: 1
2025-08-20 21:39:33,778 - __main__ - INFO - Running sequential execution
2025-08-20 21:39:33,778 - core.multi_provider_proxy_manager - WARNING - Attempting provider fallback (attempt 1/3)
2025-08-20 21:39:33,778 - core.multi_provider_proxy_manager - INFO - Switching from socksescort to socksescort
2025-08-20 21:39:33,781 - core.multi_provider_proxy_manager - ERROR - Error loading SocksEscort proxies: HTTPSConnectionPool(host='api.socksescort.com', port=443): Max retries exceeded with url: /proxies (Caused by NameResolutionError("<urllib3.connection.HTTPSConnection object at 0x1279371f0>: Failed to resolve 'api.socksescort.com' ([Errno 8] nodename nor servname provided, or not known)"))
2025-08-20 21:39:33,781 - core.multi_provider_proxy_manager - WARNING - Failed to get proxies from socksescort
2025-08-20 21:39:33,781 - core.multi_provider_proxy_manager - INFO - Waiting 60 seconds before next fallback attempt...
2025-08-20 21:40:33,787 - core.multi_provider_proxy_manager - WARNING - Attempting provider fallback (attempt 2/3)
2025-08-20 21:40:33,788 - core.multi_provider_proxy_manager - INFO - Switching from socksescort to socksescort
2025-08-20 21:40:33,794 - core.multi_provider_proxy_manager - ERROR - Error loading SocksEscort proxies: HTTPSConnectionPool(host='api.socksescort.com', port=443): Max retries exceeded with url: /proxies (Caused by NameResolutionError("<urllib3.connection.HTTPSConnection object at 0x127937b50>: Failed to resolve 'api.socksescort.com' ([Errno 8] nodename nor servname provided, or not known)"))
2025-08-20 21:40:33,794 - core.multi_provider_proxy_manager - WARNING - Failed to get proxies from socksescort
2025-08-20 21:40:33,795 - core.multi_provider_proxy_manager - INFO - Waiting 60 seconds before next fallback attempt...
2025-08-20 21:41:33,801 - core.multi_provider_proxy_manager - WARNING - Attempting provider fallback (attempt 3/3)
2025-08-20 21:41:33,802 - core.multi_provider_proxy_manager - INFO - Switching from socksescort to socksescort
2025-08-20 21:41:33,807 - core.multi_provider_proxy_manager - ERROR - Error loading SocksEscort proxies: HTTPSConnectionPool(host='api.socksescort.com', port=443): Max retries exceeded with url: /proxies (Caused by NameResolutionError("<urllib3.connection.HTTPSConnection object at 0x12793c4f0>: Failed to resolve 'api.socksescort.com' ([Errno 8] nodename nor servname provided, or not known)"))
2025-08-20 21:41:33,807 - core.multi_provider_proxy_manager - WARNING - Failed to get proxies from socksescort
2025-08-20 21:41:33,807 - __main__ - WARNING - No available proxies found. Provider: socksescort
2025-08-20 21:41:33,808 - __main__ - WARNING - Not enough available proxies. Need 1, have 0
2025-08-20 21:41:33,808 - __main__ - INFO - Using dynamic entry point target: https://dev-plugin.local/
2025-08-20 21:41:33,808 - __main__ - INFO - Sequential daily visits completed: 0/0 successful
2025-08-20 21:41:38,813 - __main__ - INFO - Network behavior summary: 0 switches, stability score: 0.00
2025-08-20 21:41:38,813 - __main__ - INFO - Proxy Manager summary: 0 proxies, provider: socksescort, active: 0
2025-08-20 21:41:38,813 - __main__ - INFO - ML Learning summary: 0 sessions, success rate: 0.50
2025-08-20 21:41:38,814 - __main__ - INFO - Social proof summary: 0 interactions, total impact: 0.00
2025-08-20 21:41:38,814 - __main__ - INFO - Content intelligence summary: 0 analyses, avg quality: 0.00
2025-08-20 21:41:38,814 - __main__ - INFO - Behavioral biometrics summary: 5 profiles, session history: 0
2025-08-20 21:41:38,814 - __main__ - INFO - Temporal pattern summary: 5 profiles, session history: 0
2025-08-20 21:47:28,858 - core.multi_provider_proxy_manager - INFO - Unified multi-provider mode enabled with 9 providers
2025-08-20 21:47:28,858 - core.multi_provider_proxy_manager - INFO - Primary provider: socksescort (priority 1)
2025-08-20 21:47:28,864 - core.multi_provider_proxy_manager - ERROR - Error loading SocksEscort proxies: HTTPSConnectionPool(host='api.socksescort.com', port=443): Max retries exceeded with url: /proxies (Caused by NameResolutionError("<urllib3.connection.HTTPSConnection object at 0x13e8b8850>: Failed to resolve 'api.socksescort.com' ([Errno 8] nodename nor servname provided, or not known)"))
2025-08-20 21:47:28,870 - core.advanced_ai_behavior_engine - INFO - Advanced AI Behavior Engine initialized with 10 target categories
2025-08-20 21:47:28,870 - core.ml_adaptive_engine - INFO - Models loaded successfully
2025-08-20 21:47:28,870 - core.content_intelligence_engine - INFO - Content Intelligence Engine initialized with 10 target categories
2025-08-20 21:47:28,871 - core.dynamic_entry_manager - INFO - Loaded 110 custom keywords from ../config/keywords.json
2025-08-20 21:47:28,871 - core.dynamic_entry_manager - INFO - Loaded 233 custom referrer domains from ../config/referrer_domains.json
2025-08-20 21:47:28,871 - core.dynamic_entry_manager - INFO - Using custom search engines: google, bing
2025-08-20 21:47:28,871 - core.dynamic_entry_manager - INFO - Custom keywords enabled: ../config/keywords.json
2025-08-20 21:47:28,871 - core.dynamic_entry_manager - INFO - Custom search engines: google, bing
2025-08-20 21:47:28,871 - core.dynamic_entry_manager - INFO - Custom referrer domains enabled: ../config/referrer_domains.json
2025-08-20 21:47:28,871 - core.dynamic_entry_manager - INFO - Geo-specific referrer domains enabled
2025-08-20 21:47:28,871 - __main__ - INFO - Content analysis configured with 10 target categories: technology, lifestyle, business, entertainment, education, finance, health, sports, news, travel
2025-08-20 21:47:28,871 - __main__ - INFO - Ultra-advanced undetectable components initialized
2025-08-20 21:47:28,871 - __main__ - INFO - Multi-Login Bot Orchestrator initialized
2025-08-20 21:47:28,872 - __main__ - INFO - Starting daily visits: 1
2025-08-20 21:47:28,872 - __main__ - INFO - Running sequential execution
2025-08-20 21:47:28,872 - core.multi_provider_proxy_manager - WARNING - Attempting provider fallback (attempt 1/3)
2025-08-20 21:47:28,872 - core.multi_provider_proxy_manager - INFO - Switching from socksescort to socksescort
2025-08-20 21:47:28,874 - core.multi_provider_proxy_manager - ERROR - Error loading SocksEscort proxies: HTTPSConnectionPool(host='api.socksescort.com', port=443): Max retries exceeded with url: /proxies (Caused by NameResolutionError("<urllib3.connection.HTTPSConnection object at 0x13e958370>: Failed to resolve 'api.socksescort.com' ([Errno 8] nodename nor servname provided, or not known)"))
2025-08-20 21:47:28,874 - core.multi_provider_proxy_manager - WARNING - Failed to get proxies from socksescort
2025-08-20 21:47:28,874 - core.multi_provider_proxy_manager - INFO - Waiting 60 seconds before next fallback attempt...
2025-08-20 21:48:28,880 - core.multi_provider_proxy_manager - WARNING - Attempting provider fallback (attempt 2/3)
2025-08-20 21:48:28,881 - core.multi_provider_proxy_manager - INFO - Switching from socksescort to socksescort
2025-08-20 21:48:28,887 - core.multi_provider_proxy_manager - ERROR - Error loading SocksEscort proxies: HTTPSConnectionPool(host='api.socksescort.com', port=443): Max retries exceeded with url: /proxies (Caused by NameResolutionError("<urllib3.connection.HTTPSConnection object at 0x13e85e1f0>: Failed to resolve 'api.socksescort.com' ([Errno 8] nodename nor servname provided, or not known)"))
2025-08-20 21:48:28,887 - core.multi_provider_proxy_manager - WARNING - Failed to get proxies from socksescort
2025-08-20 21:48:28,887 - core.multi_provider_proxy_manager - INFO - Waiting 60 seconds before next fallback attempt...
2025-08-20 21:49:28,893 - core.multi_provider_proxy_manager - WARNING - Attempting provider fallback (attempt 3/3)
2025-08-20 21:49:28,894 - core.multi_provider_proxy_manager - INFO - Switching from socksescort to socksescort
2025-08-20 21:49:28,900 - core.multi_provider_proxy_manager - ERROR - Error loading SocksEscort proxies: HTTPSConnectionPool(host='api.socksescort.com', port=443): Max retries exceeded with url: /proxies (Caused by NameResolutionError("<urllib3.connection.HTTPSConnection object at 0x13e958cd0>: Failed to resolve 'api.socksescort.com' ([Errno 8] nodename nor servname provided, or not known)"))
2025-08-20 21:49:28,900 - core.multi_provider_proxy_manager - WARNING - Failed to get proxies from socksescort
2025-08-20 21:49:28,900 - __main__ - WARNING - No available proxies found. Provider: socksescort
2025-08-20 21:49:28,900 - __main__ - WARNING - Not enough available proxies. Need 1, have 0
2025-08-20 21:49:28,900 - __main__ - INFO - Using dynamic entry point target: https://dev-plugin.local/
2025-08-20 21:49:28,900 - __main__ - INFO - Sequential daily visits completed: 0/0 successful
2025-08-20 21:49:33,905 - __main__ - INFO - Network behavior summary: 0 switches, stability score: 0.00
2025-08-20 21:49:33,905 - __main__ - INFO - Proxy Manager summary: 0 proxies, provider: socksescort, active: 0
2025-08-20 21:49:33,905 - __main__ - INFO - ML Learning summary: 0 sessions, success rate: 0.50
2025-08-20 21:49:33,905 - __main__ - INFO - Social proof summary: 0 interactions, total impact: 0.00
2025-08-20 21:49:33,906 - __main__ - INFO - Content intelligence summary: 0 analyses, avg quality: 0.00
2025-08-20 21:49:33,906 - __main__ - INFO - Behavioral biometrics summary: 5 profiles, session history: 0
2025-08-20 21:49:33,906 - __main__ - INFO - Temporal pattern summary: 5 profiles, session history: 0
2025-08-20 21:51:44,521 - core.multi_provider_proxy_manager - INFO - Unified multi-provider mode enabled with 9 providers
2025-08-20 21:51:44,521 - core.multi_provider_proxy_manager - INFO - Primary provider: socksescort (priority 1)
2025-08-20 21:51:44,528 - core.multi_provider_proxy_manager - ERROR - Error loading SocksEscort proxies: HTTPSConnectionPool(host='api.socksescort.com', port=443): Max retries exceeded with url: /proxies (Caused by NameResolutionError("<urllib3.connection.HTTPSConnection object at 0x137a44850>: Failed to resolve 'api.socksescort.com' ([Errno 8] nodename nor servname provided, or not known)"))
2025-08-20 21:51:44,534 - core.advanced_ai_behavior_engine - INFO - Advanced AI Behavior Engine initialized with 10 target categories
2025-08-20 21:51:44,535 - core.ml_adaptive_engine - INFO - Models loaded successfully
2025-08-20 21:51:44,535 - core.content_intelligence_engine - INFO - Content Intelligence Engine initialized with 10 target categories
2025-08-20 21:51:44,535 - core.dynamic_entry_manager - INFO - Loaded 110 custom keywords from ../config/keywords.json
2025-08-20 21:51:44,536 - core.dynamic_entry_manager - INFO - Loaded 233 custom referrer domains from ../config/referrer_domains.json
2025-08-20 21:51:44,536 - core.dynamic_entry_manager - INFO - Using custom search engines: google, bing
2025-08-20 21:51:44,536 - core.dynamic_entry_manager - INFO - Custom keywords enabled: ../config/keywords.json
2025-08-20 21:51:44,536 - core.dynamic_entry_manager - INFO - Custom search engines: google, bing
2025-08-20 21:51:44,536 - core.dynamic_entry_manager - INFO - Custom referrer domains enabled: ../config/referrer_domains.json
2025-08-20 21:51:44,536 - core.dynamic_entry_manager - INFO - Geo-specific referrer domains enabled
2025-08-20 21:51:44,536 - __main__ - INFO - Content analysis configured with 10 target categories: technology, lifestyle, business, entertainment, education, finance, health, sports, news, travel
2025-08-20 21:51:44,536 - __main__ - INFO - Ultra-advanced undetectable components initialized
2025-08-20 21:51:44,536 - __main__ - INFO - Multi-Login Bot Orchestrator initialized
2025-08-20 21:51:44,536 - __main__ - INFO - Starting daily visits: 1
2025-08-20 21:51:44,536 - __main__ - INFO - Running sequential execution
2025-08-20 21:51:44,536 - core.multi_provider_proxy_manager - WARNING - Attempting provider fallback (attempt 1/3)
2025-08-20 21:51:44,536 - core.multi_provider_proxy_manager - INFO - Switching from socksescort to socksescort
2025-08-20 21:51:44,539 - core.multi_provider_proxy_manager - ERROR - Error loading SocksEscort proxies: HTTPSConnectionPool(host='api.socksescort.com', port=443): Max retries exceeded with url: /proxies (Caused by NameResolutionError("<urllib3.connection.HTTPSConnection object at 0x137ae3370>: Failed to resolve 'api.socksescort.com' ([Errno 8] nodename nor servname provided, or not known)"))
2025-08-20 21:51:44,539 - core.multi_provider_proxy_manager - WARNING - Failed to get proxies from socksescort
2025-08-20 21:51:44,539 - core.multi_provider_proxy_manager - INFO - Waiting 60 seconds before next fallback attempt...
2025-08-20 21:52:44,541 - core.multi_provider_proxy_manager - WARNING - Attempting provider fallback (attempt 2/3)
2025-08-20 21:52:44,542 - core.multi_provider_proxy_manager - INFO - Switching from socksescort to socksescort
2025-08-20 21:52:44,548 - core.multi_provider_proxy_manager - ERROR - Error loading SocksEscort proxies: HTTPSConnectionPool(host='api.socksescort.com', port=443): Max retries exceeded with url: /proxies (Caused by NameResolutionError("<urllib3.connection.HTTPSConnection object at 0x1379ea1f0>: Failed to resolve 'api.socksescort.com' ([Errno 8] nodename nor servname provided, or not known)"))
2025-08-20 21:52:44,548 - core.multi_provider_proxy_manager - WARNING - Failed to get proxies from socksescort
2025-08-20 21:52:44,548 - core.multi_provider_proxy_manager - INFO - Waiting 60 seconds before next fallback attempt...
2025-08-20 21:53:44,551 - core.multi_provider_proxy_manager - WARNING - Attempting provider fallback (attempt 3/3)
2025-08-20 21:53:44,552 - core.multi_provider_proxy_manager - INFO - Switching from socksescort to socksescort
2025-08-20 21:53:44,558 - core.multi_provider_proxy_manager - ERROR - Error loading SocksEscort proxies: HTTPSConnectionPool(host='api.socksescort.com', port=443): Max retries exceeded with url: /proxies (Caused by NameResolutionError("<urllib3.connection.HTTPSConnection object at 0x137ae3cd0>: Failed to resolve 'api.socksescort.com' ([Errno 8] nodename nor servname provided, or not known)"))
2025-08-20 21:53:44,559 - core.multi_provider_proxy_manager - WARNING - Failed to get proxies from socksescort
2025-08-20 21:53:44,559 - __main__ - WARNING - No available proxies found. Provider: socksescort
2025-08-20 21:53:44,559 - __main__ - WARNING - Not enough available proxies. Need 1, have 0
2025-08-20 21:53:44,559 - __main__ - INFO - Using dynamic entry point target: https://dev-plugin.local/
2025-08-20 21:53:44,559 - __main__ - INFO - Sequential daily visits completed: 0/0 successful
2025-08-20 21:53:49,574 - __main__ - INFO - Network behavior summary: 0 switches, stability score: 0.00
2025-08-20 21:53:49,574 - __main__ - INFO - Proxy Manager summary: 0 proxies, provider: socksescort, active: 0
2025-08-20 21:53:49,581 - __main__ - INFO - ML Learning summary: 0 sessions, success rate: 0.50
2025-08-20 21:53:49,586 - __main__ - INFO - Social proof summary: 0 interactions, total impact: 0.00
2025-08-20 21:53:49,586 - __main__ - INFO - Content intelligence summary: 0 analyses, avg quality: 0.00
2025-08-20 21:53:49,588 - __main__ - INFO - Behavioral biometrics summary: 5 profiles, session history: 0
2025-08-20 21:53:49,594 - __main__ - INFO - Temporal pattern summary: 5 profiles, session history: 0
2025-08-20 21:58:57,704 - core.multi_provider_proxy_manager - INFO - Unified multi-provider mode enabled with 9 providers
2025-08-20 21:58:57,705 - core.multi_provider_proxy_manager - INFO - Primary provider: socksescort (priority 1)
2025-08-20 21:58:57,711 - core.multi_provider_proxy_manager - ERROR - Error loading SocksEscort proxies: HTTPSConnectionPool(host='api.socksescort.com', port=443): Max retries exceeded with url: /proxies (Caused by NameResolutionError("<urllib3.connection.HTTPSConnection object at 0x140b92730>: Failed to resolve 'api.socksescort.com' ([Errno 8] nodename nor servname provided, or not known)"))
2025-08-20 21:58:57,717 - core.advanced_ai_behavior_engine - INFO - Advanced AI Behavior Engine initialized with 10 target categories
2025-08-20 21:58:57,718 - core.ml_adaptive_engine - INFO - Models loaded successfully
2025-08-20 21:58:57,718 - core.content_intelligence_engine - INFO - Content Intelligence Engine initialized with 10 target categories
2025-08-20 21:58:57,718 - core.dynamic_entry_manager - INFO - Loaded 110 custom keywords from ../config/keywords.json
2025-08-20 21:58:57,719 - core.dynamic_entry_manager - INFO - Loaded 233 custom referrer domains from ../config/referrer_domains.json
2025-08-20 21:58:57,719 - core.dynamic_entry_manager - INFO - Using custom search engines: google, bing
2025-08-20 21:58:57,719 - core.dynamic_entry_manager - INFO - Custom keywords enabled: ../config/keywords.json
2025-08-20 21:58:57,719 - core.dynamic_entry_manager - INFO - Custom search engines: google, bing
2025-08-20 21:58:57,719 - core.dynamic_entry_manager - INFO - Custom referrer domains enabled: ../config/referrer_domains.json
2025-08-20 21:58:57,719 - core.dynamic_entry_manager - INFO - Geo-specific referrer domains enabled
2025-08-20 21:58:57,719 - __main__ - INFO - Content analysis configured with 10 target categories: technology, lifestyle, business, entertainment, education, finance, health, sports, news, travel
2025-08-20 21:58:57,719 - __main__ - INFO - Ultra-advanced undetectable components initialized
2025-08-20 21:58:57,719 - __main__ - INFO - Multi-Login Bot Orchestrator initialized
2025-08-20 21:58:57,719 - __main__ - INFO - Starting daily visits: 1
2025-08-20 21:58:57,719 - __main__ - INFO - Running sequential execution
2025-08-20 21:58:57,719 - core.multi_provider_proxy_manager - WARNING - Attempting provider fallback (attempt 1/3)
2025-08-20 21:58:57,719 - core.multi_provider_proxy_manager - INFO - Switching from socksescort to socksescort
2025-08-20 21:58:57,721 - core.multi_provider_proxy_manager - ERROR - Error loading SocksEscort proxies: HTTPSConnectionPool(host='api.socksescort.com', port=443): Max retries exceeded with url: /proxies (Caused by NameResolutionError("<urllib3.connection.HTTPSConnection object at 0x140c2a3a0>: Failed to resolve 'api.socksescort.com' ([Errno 8] nodename nor servname provided, or not known)"))
2025-08-20 21:58:57,722 - core.multi_provider_proxy_manager - WARNING - Failed to get proxies from socksescort
2025-08-20 21:58:57,722 - core.multi_provider_proxy_manager - INFO - Waiting 60 seconds before next fallback attempt...
2025-08-20 21:59:57,726 - core.multi_provider_proxy_manager - WARNING - Attempting provider fallback (attempt 2/3)
2025-08-20 21:59:57,727 - core.multi_provider_proxy_manager - INFO - Switching from socksescort to socksescort
2025-08-20 21:59:57,733 - core.multi_provider_proxy_manager - ERROR - Error loading SocksEscort proxies: HTTPSConnectionPool(host='api.socksescort.com', port=443): Max retries exceeded with url: /proxies (Caused by NameResolutionError("<urllib3.connection.HTTPSConnection object at 0x140b22940>: Failed to resolve 'api.socksescort.com' ([Errno 8] nodename nor servname provided, or not known)"))
2025-08-20 21:59:57,733 - core.multi_provider_proxy_manager - WARNING - Failed to get proxies from socksescort
2025-08-20 21:59:57,733 - core.multi_provider_proxy_manager - INFO - Waiting 60 seconds before next fallback attempt...
2025-08-20 22:00:57,735 - core.multi_provider_proxy_manager - WARNING - Attempting provider fallback (attempt 3/3)
2025-08-20 22:00:57,736 - core.multi_provider_proxy_manager - INFO - Switching from socksescort to socksescort
2025-08-20 22:00:57,742 - core.multi_provider_proxy_manager - ERROR - Error loading SocksEscort proxies: HTTPSConnectionPool(host='api.socksescort.com', port=443): Max retries exceeded with url: /proxies (Caused by NameResolutionError("<urllib3.connection.HTTPSConnection object at 0x140c2ad00>: Failed to resolve 'api.socksescort.com' ([Errno 8] nodename nor servname provided, or not known)"))
2025-08-20 22:00:57,743 - core.multi_provider_proxy_manager - WARNING - Failed to get proxies from socksescort
2025-08-20 22:00:57,743 - __main__ - WARNING - No available proxies found. Provider: socksescort
2025-08-20 22:00:57,743 - __main__ - WARNING - Not enough available proxies. Need 1, have 0
2025-08-20 22:00:57,743 - __main__ - INFO - Using dynamic entry point target: https://dev-plugin.local/
2025-08-20 22:00:57,743 - __main__ - INFO - Sequential daily visits completed: 0/0 successful
2025-08-20 22:01:02,748 - __main__ - INFO - Network behavior summary: 0 switches, stability score: 0.00
2025-08-20 22:01:02,748 - __main__ - INFO - Proxy Manager summary: 0 proxies, provider: socksescort, active: 0
2025-08-20 22:01:02,748 - __main__ - INFO - ML Learning summary: 0 sessions, success rate: 0.50
2025-08-20 22:01:02,748 - __main__ - INFO - Social proof summary: 0 interactions, total impact: 0.00
2025-08-20 22:01:02,749 - __main__ - INFO - Content intelligence summary: 0 analyses, avg quality: 0.00
2025-08-20 22:01:02,749 - __main__ - INFO - Behavioral biometrics summary: 5 profiles, session history: 0
2025-08-20 22:01:02,749 - __main__ - INFO - Temporal pattern summary: 5 profiles, session history: 0
